{"v":"5.9.6","fr":24,"ip":0,"op":73,"w":1920,"h":1080,"nm":"18 wind","ddd":0,"assets":[],"layers":[{"ddd":0,"ind":1,"ty":3,"nm":"opacity controller","sr":1,"ks":{"o":{"a":1,"k":[{"i":{"x":[0.3],"y":[1]},"o":{"x":[0.7],"y":[0]},"t":0,"s":[0]},{"i":{"x":[0.3],"y":[1]},"o":{"x":[0.7],"y":[0]},"t":12,"s":[100]},{"i":{"x":[0.3],"y":[1]},"o":{"x":[0.7],"y":[0]},"t":60,"s":[100]},{"t":72,"s":[0]}],"ix":11},"r":{"a":0,"k":0,"ix":10},"p":{"a":0,"k":[960,540,0],"ix":2,"l":2},"a":{"a":0,"k":[0,0,0],"ix":1,"l":2},"s":{"a":0,"k":[100,100,100],"ix":6,"l":2}},"ao":0,"ip":0,"op":241,"st":0,"bm":0},{"ddd":0,"ind":2,"ty":4,"nm":"leaf06","parent":1,"sr":1,"ks":{"o":{"a":0,"k":100,"ix":11,"x":"var $bm_rt;\n$bm_rt = hasParent ? $bm_mul($bm_div(parent.opacity, 100), value) : value;"},"r":{"a":0,"k":0,"ix":10},"p":{"a":1,"k":[{"i":{"x":0.833,"y":0.833},"o":{"x":0.76,"y":0},"t":1.412,"s":[-862,400,0],"to":[0,0,0],"ti":[-172,146,0]},{"i":{"x":0.604,"y":0.558},"o":{"x":0.167,"y":0.167},"t":27.332,"s":[250,214,0],"to":[218.056,-185.094,0],"ti":[56,-244,0]},{"i":{"x":0.524,"y":0.72},"o":{"x":0.226,"y":0.342},"t":34.644,"s":[-188,114,0],"to":[-56,244,0],"ti":[-237.998,174.532,0]},{"i":{"x":0.56,"y":1},"o":{"x":0.24,"y":0.592},"t":47.234,"s":[538,304,0],"to":[150,-110,0],"ti":[-66,-4,0]},{"t":69.1767578125,"s":[864,144,0]}],"ix":2,"l":2},"a":{"a":0,"k":[1347.847,512.718,0],"ix":1,"l":2},"s":{"a":0,"k":[100,100,100],"ix":6,"l":2}},"ao":1,"shapes":[{"ty":"gr","it":[{"ind":0,"ty":"sh","ix":1,"ks":{"a":0,"k":{"i":[[0,0],[1.637,-1.656],[-0.987,2.041],[0,0]],"o":[[-1.149,2.168],[1.431,-1.683],[0,0],[0,0]],"v":[[2.804,-1.914],[-2.804,2.066],[2.372,-2.066],[2.804,-1.914]],"c":true},"ix":2},"nm":"Path 1","mn":"ADBE Vector Shape - Group","hd":false},{"ty":"fl","c":{"a":0,"k":[0.1254902035,0.141176477075,0.074509806931,1],"ix":4},"o":{"a":0,"k":100,"ix":5},"r":1,"bm":0,"nm":"Fill 1","mn":"ADBE Vector Graphic - Fill","hd":false},{"ty":"tr","p":{"a":0,"k":[1346.336,514.828],"ix":2},"a":{"a":0,"k":[0,0],"ix":1},"s":{"a":0,"k":[100,100],"ix":3},"r":{"a":0,"k":0,"ix":6},"o":{"a":0,"k":100,"ix":7},"sk":{"a":0,"k":0,"ix":4},"sa":{"a":0,"k":0,"ix":5},"nm":"Transform"}],"nm":"Group 1","np":2,"cix":2,"bm":0,"ix":1,"mn":"ADBE Vector Group","hd":false},{"ty":"gr","it":[{"ind":0,"ty":"sh","ix":1,"ks":{"a":0,"k":{"i":[[0,0],[-0.163,2.23],[-0.342,-1.1],[0.449,-1.2],[0,0]],"o":[[0.74,-2.171],[0.037,1.162],[0.331,1.132],[0,0],[0,0]],"v":[[0.071,3.238],[-0.659,-3.434],[0.134,-0.082],[0.485,3.434],[0.071,3.238]],"c":true},"ix":2},"nm":"Path 1","mn":"ADBE Vector Shape - Group","hd":false},{"ty":"fl","c":{"a":0,"k":[0.1254902035,0.141176477075,0.074509806931,1],"ix":4},"o":{"a":0,"k":100,"ix":5},"r":1,"bm":0,"nm":"Fill 1","mn":"ADBE Vector Graphic - Fill","hd":false},{"ty":"tr","p":{"a":0,"k":[1348.859,509.287],"ix":2},"a":{"a":0,"k":[0,0],"ix":1},"s":{"a":0,"k":[100,100],"ix":3},"r":{"a":0,"k":0,"ix":6},"o":{"a":0,"k":100,"ix":7},"sk":{"a":0,"k":0,"ix":4},"sa":{"a":0,"k":0,"ix":5},"nm":"Transform"}],"nm":"Group 2","np":2,"cix":2,"bm":0,"ix":2,"mn":"ADBE Vector Group","hd":false},{"ty":"gr","it":[{"ind":0,"ty":"sh","ix":1,"ks":{"a":0,"k":{"i":[[0,0],[-1.376,0.222],[1.248,-0.431],[0,0]],"o":[[1.355,-0.386],[-1.29,0.313],[0,0],[0,0]],"v":[[-2.053,-0.068],[2.053,-0.125],[-1.925,0.209],[-2.053,-0.068]],"c":true},"ix":2},"nm":"Path 1","mn":"ADBE Vector Shape - Group","hd":false},{"ty":"fl","c":{"a":0,"k":[0.1254902035,0.141176477075,0.074509806931,1],"ix":4},"o":{"a":0,"k":100,"ix":5},"r":1,"bm":0,"nm":"Fill 1","mn":"ADBE Vector Graphic - Fill","hd":false},{"ty":"tr","p":{"a":0,"k":[1356.412,510.519],"ix":2},"a":{"a":0,"k":[0,0],"ix":1},"s":{"a":0,"k":[100,100],"ix":3},"r":{"a":0,"k":0,"ix":6},"o":{"a":0,"k":100,"ix":7},"sk":{"a":0,"k":0,"ix":4},"sa":{"a":0,"k":0,"ix":5},"nm":"Transform"}],"nm":"Group 3","np":2,"cix":2,"bm":0,"ix":3,"mn":"ADBE Vector Group","hd":false},{"ty":"gr","it":[{"ind":0,"ty":"sh","ix":1,"ks":{"a":0,"k":{"i":[[0,0],[-0.738,-0.695],[0.407,0.339],[0.297,0.497],[0,0]],"o":[[0.496,0.886],[-0.428,-0.309],[-0.415,-0.367],[0,0],[0,0]],"v":[[-0.91,-1.136],[1.189,1.136],[-0.063,0.165],[-1.189,-1.011],[-0.91,-1.136]],"c":true},"ix":2},"nm":"Path 1","mn":"ADBE Vector Shape - Group","hd":false},{"ty":"fl","c":{"a":0,"k":[0.1254902035,0.141176477075,0.074509806931,1],"ix":4},"o":{"a":0,"k":100,"ix":5},"r":1,"bm":0,"nm":"Fill 1","mn":"ADBE Vector Graphic - Fill","hd":false},{"ty":"tr","p":{"a":0,"k":[1352.07,516.572],"ix":2},"a":{"a":0,"k":[0,0],"ix":1},"s":{"a":0,"k":[100,100],"ix":3},"r":{"a":0,"k":0,"ix":6},"o":{"a":0,"k":100,"ix":7},"sk":{"a":0,"k":0,"ix":4},"sa":{"a":0,"k":0,"ix":5},"nm":"Transform"}],"nm":"Group 4","np":2,"cix":2,"bm":0,"ix":4,"mn":"ADBE Vector Group","hd":false},{"ty":"gr","it":[{"ind":0,"ty":"sh","ix":1,"ks":{"a":0,"k":{"i":[[0,0],[0.23,-0.607],[0.271,-0.568],[-0.148,0.606],[0.139,0.587],[0,0]],"o":[[0.095,0.625],[-0.206,0.616],[0.216,-0.577],[0.168,-0.583],[0,0],[0,0]],"v":[[0.532,-1.733],[0.425,0.166],[-0.602,1.733],[0.28,0.117],[0.233,-1.672],[0.532,-1.733]],"c":true},"ix":2},"nm":"Path 1","mn":"ADBE Vector Shape - Group","hd":false},{"ty":"fl","c":{"a":0,"k":[0.1254902035,0.141176477075,0.074509806931,1],"ix":4},"o":{"a":0,"k":100,"ix":5},"r":1,"bm":0,"nm":"Fill 1","mn":"ADBE Vector Graphic - Fill","hd":false},{"ty":"tr","p":{"a":0,"k":[1350.637,517.201],"ix":2},"a":{"a":0,"k":[0,0],"ix":1},"s":{"a":0,"k":[100,100],"ix":3},"r":{"a":0,"k":0,"ix":6},"o":{"a":0,"k":100,"ix":7},"sk":{"a":0,"k":0,"ix":4},"sa":{"a":0,"k":0,"ix":5},"nm":"Transform"}],"nm":"Group 5","np":2,"cix":2,"bm":0,"ix":5,"mn":"ADBE Vector Group","hd":false},{"ty":"gr","it":[{"ind":0,"ty":"sh","ix":1,"ks":{"a":0,"k":{"i":[[0,0],[-1.067,-0.093],[0.525,-0.022],[0.446,-0.178],[0,0]],"o":[[1.065,-0.248],[-0.527,-0.014],[-0.491,0.033],[0,0],[0,0]],"v":[[-1.602,-0.081],[1.602,-0.034],[0.023,-0.023],[-1.482,0.2],[-1.602,-0.081]],"c":true},"ix":2},"nm":"Path 1","mn":"ADBE Vector Shape - Group","hd":false},{"ty":"fl","c":{"a":0,"k":[0.1254902035,0.141176477075,0.074509806931,1],"ix":4},"o":{"a":0,"k":100,"ix":5},"r":1,"bm":0,"nm":"Fill 1","mn":"ADBE Vector Graphic - Fill","hd":false},{"ty":"tr","p":{"a":0,"k":[1352.766,512.072],"ix":2},"a":{"a":0,"k":[0,0],"ix":1},"s":{"a":0,"k":[100,100],"ix":3},"r":{"a":0,"k":0,"ix":6},"o":{"a":0,"k":100,"ix":7},"sk":{"a":0,"k":0,"ix":4},"sa":{"a":0,"k":0,"ix":5},"nm":"Transform"}],"nm":"Group 6","np":2,"cix":2,"bm":0,"ix":6,"mn":"ADBE Vector Group","hd":false},{"ty":"gr","it":[{"ind":0,"ty":"sh","ix":1,"ks":{"a":0,"k":{"i":[[0,0],[-0.837,0.842],[1.198,-0.653],[0,0]],"o":[[1.172,-0.514],[-0.786,0.96],[0,0],[0,0]],"v":[[-1.127,1.255],[1.127,-1.52],[-0.975,1.52],[-1.127,1.255]],"c":true},"ix":2},"nm":"Path 1","mn":"ADBE Vector Shape - Group","hd":false},{"ty":"fl","c":{"a":0,"k":[0.1254902035,0.141176477075,0.074509806931,1],"ix":4},"o":{"a":0,"k":100,"ix":5},"r":1,"bm":0,"nm":"Fill 1","mn":"ADBE Vector Graphic - Fill","hd":false},{"ty":"tr","p":{"a":0,"k":[1354.806,509.584],"ix":2},"a":{"a":0,"k":[0,0],"ix":1},"s":{"a":0,"k":[100,100],"ix":3},"r":{"a":0,"k":0,"ix":6},"o":{"a":0,"k":100,"ix":7},"sk":{"a":0,"k":0,"ix":4},"sa":{"a":0,"k":0,"ix":5},"nm":"Transform"}],"nm":"Group 7","np":2,"cix":2,"bm":0,"ix":7,"mn":"ADBE Vector Group","hd":false},{"ty":"gr","it":[{"ind":0,"ty":"sh","ix":1,"ks":{"a":0,"k":{"i":[[0,0],[-0.274,0.541],[-0.235,0.569],[0.269,-0.591],[0.495,-0.393],[0,0]],"o":[[0.501,-0.335],[0.304,-0.545],[-0.189,0.601],[-0.245,0.601],[0,0],[0,0]],"v":[[-0.853,1.407],[0.399,0.129],[0.853,-1.656],[0.538,0.192],[-0.676,1.656],[-0.853,1.407]],"c":true},"ix":2},"nm":"Path 1","mn":"ADBE Vector Shape - Group","hd":false},{"ty":"fl","c":{"a":0,"k":[0.1254902035,0.141176477075,0.074509806931,1],"ix":4},"o":{"a":0,"k":100,"ix":5},"r":1,"bm":0,"nm":"Fill 1","mn":"ADBE Vector Graphic - Fill","hd":false},{"ty":"tr","p":{"a":0,"k":[1351.988,510.6],"ix":2},"a":{"a":0,"k":[0,0],"ix":1},"s":{"a":0,"k":[100,100],"ix":3},"r":{"a":0,"k":0,"ix":6},"o":{"a":0,"k":100,"ix":7},"sk":{"a":0,"k":0,"ix":4},"sa":{"a":0,"k":0,"ix":5},"nm":"Transform"}],"nm":"Group 8","np":2,"cix":2,"bm":0,"ix":8,"mn":"ADBE Vector Group","hd":false},{"ty":"gr","it":[{"ind":0,"ty":"sh","ix":1,"ks":{"a":0,"k":{"i":[[0,0],[-2.95,1.575],[-0.485,0.12],[0.426,-0.249],[2.341,-0.856],[1.051,0.001],[0,0]],"o":[[3.452,0.033],[0.439,-0.228],[-0.476,0.144],[-2.103,1.306],[-0.946,0.342],[0,0],[0,0]],"v":[[-5.411,1.821],[4.072,-1.827],[5.43,-2.432],[4.11,-1.761],[-2.433,1.827],[-5.43,2.432],[-5.411,1.821]],"c":true},"ix":2},"nm":"Path 1","mn":"ADBE Vector Shape - Group","hd":false},{"ty":"fl","c":{"a":0,"k":[0.1254902035,0.141176477075,0.074509806931,1],"ix":4},"o":{"a":0,"k":100,"ix":5},"r":1,"bm":0,"nm":"Fill 1","mn":"ADBE Vector Graphic - Fill","hd":false},{"ty":"tr","p":{"a":0,"k":[1353.522,510.54],"ix":2},"a":{"a":0,"k":[0,0],"ix":1},"s":{"a":0,"k":[100,100],"ix":3},"r":{"a":0,"k":0,"ix":6},"o":{"a":0,"k":100,"ix":7},"sk":{"a":0,"k":0,"ix":4},"sa":{"a":0,"k":0,"ix":5},"nm":"Transform"}],"nm":"Group 9","np":2,"cix":2,"bm":0,"ix":9,"mn":"ADBE Vector Group","hd":false},{"ty":"gr","it":[{"ind":0,"ty":"sh","ix":1,"ks":{"a":0,"k":{"i":[[0,0],[-0.487,-1.47],[-0.793,-1.324],[0.168,0.727],[0.284,0.66],[1.187,0.792],[0,0]],"o":[[1.188,0.913],[0.443,1.441],[-0.398,-0.625],[-0.181,-0.723],[-0.557,-1.354],[0,0],[0,0]],"v":[[-1.827,-3.872],[1.051,-0.412],[2.177,3.872],[1.324,1.819],[0.765,-0.306],[-2.177,-3.37],[-1.827,-3.872]],"c":true},"ix":2},"nm":"Path 1","mn":"ADBE Vector Shape - Group","hd":false},{"ty":"fl","c":{"a":0,"k":[0.1254902035,0.141176477075,0.074509806931,1],"ix":4},"o":{"a":0,"k":100,"ix":5},"r":1,"bm":0,"nm":"Fill 1","mn":"ADBE Vector Graphic - Fill","hd":false},{"ty":"tr","p":{"a":0,"k":[1350.28,516.261],"ix":2},"a":{"a":0,"k":[0,0],"ix":1},"s":{"a":0,"k":[100,100],"ix":3},"r":{"a":0,"k":0,"ix":6},"o":{"a":0,"k":100,"ix":7},"sk":{"a":0,"k":0,"ix":4},"sa":{"a":0,"k":0,"ix":5},"nm":"Transform"}],"nm":"Group 10","np":2,"cix":2,"bm":0,"ix":10,"mn":"ADBE Vector Group","hd":false},{"ty":"gr","it":[{"ind":0,"ty":"sh","ix":1,"ks":{"a":0,"k":{"i":[[0,0],[-7.458,-2.474],[-6.848,-1.111],[6.61,1.862],[6.512,-3.767],[0,0]],"o":[[6.986,-3.645],[6.572,2.168],[-6.857,-0.799],[-7.273,-2.05],[0,0],[0,0]],"v":[[-20.197,-0.299],[0.301,-2.026],[20.197,3.537],[0.051,-1.144],[-19.323,1.314],[-20.197,-0.299]],"c":true},"ix":2},"nm":"Path 1","mn":"ADBE Vector Shape - Group","hd":false},{"ty":"fl","c":{"a":0,"k":[0.1254902035,0.141176477075,0.074509806931,1],"ix":4},"o":{"a":0,"k":100,"ix":5},"r":1,"bm":0,"nm":"Fill 1","mn":"ADBE Vector Graphic - Fill","hd":false},{"ty":"tr","p":{"a":0,"k":[1346.291,513.692],"ix":2},"a":{"a":0,"k":[0,0],"ix":1},"s":{"a":0,"k":[100,100],"ix":3},"r":{"a":0,"k":0,"ix":6},"o":{"a":0,"k":100,"ix":7},"sk":{"a":0,"k":0,"ix":4},"sa":{"a":0,"k":0,"ix":5},"nm":"Transform"}],"nm":"Group 11","np":2,"cix":2,"bm":0,"ix":11,"mn":"ADBE Vector Group","hd":false},{"ty":"gr","it":[{"ind":0,"ty":"sh","ix":1,"ks":{"a":0,"k":{"i":[[1.874,4.332],[3.127,0.573],[-4.293,1.514],[-0.511,3.604],[-1.789,-1.309],[-4.029,0.192],[1.847,-1.603],[-7.413,-4.247],[6.915,0.805],[0.7,-4.485]],"o":[[-1.621,0.751],[1.238,-4.031],[-1.961,-4.174],[1.775,0.22],[3.667,-2.368],[-0.736,3.955],[4.947,1.642],[-5.851,2.301],[0.78,1.624],[-3.989,-2.333]],"v":[[-10.022,6.303],[-17.629,6.145],[-9.749,-2.194],[-10.585,-13.844],[-5.236,-11.303],[6.242,-15.535],[2.335,-7.084],[17.629,5.452],[-1.649,6.51],[-1.175,15.535]],"c":true},"ix":2},"nm":"Path 1","mn":"ADBE Vector Shape - Group","hd":false},{"ty":"fl","c":{"a":0,"k":[0.274509817362,0.341176480055,0.101960785687,1],"ix":4},"o":{"a":0,"k":100,"ix":5},"r":1,"bm":0,"nm":"Fill 1","mn":"ADBE Vector Graphic - Fill","hd":false},{"ty":"tr","p":{"a":0,"k":[1357.47,514.343],"ix":2},"a":{"a":0,"k":[0,0],"ix":1},"s":{"a":0,"k":[100,100],"ix":3},"r":{"a":0,"k":0,"ix":6},"o":{"a":0,"k":100,"ix":7},"sk":{"a":0,"k":0,"ix":4},"sa":{"a":0,"k":0,"ix":5},"nm":"Transform"}],"nm":"Group 12","np":2,"cix":2,"bm":0,"ix":12,"mn":"ADBE Vector Group","hd":false}],"ip":1,"op":242,"st":1,"ct":1,"bm":0},{"ddd":0,"ind":3,"ty":4,"nm":"leaf05","parent":1,"sr":1,"ks":{"o":{"a":0,"k":100,"ix":11,"x":"var $bm_rt;\n$bm_rt = hasParent ? $bm_mul($bm_div(parent.opacity, 100), value) : value;"},"r":{"a":0,"k":0,"ix":10},"p":{"a":1,"k":[{"i":{"x":0.833,"y":0.833},"o":{"x":0.76,"y":0},"t":0,"s":[-870,344,0],"to":[0,0,0],"ti":[-172,146,0]},{"i":{"x":0.609,"y":0.556},"o":{"x":0.167,"y":0.167},"t":26.589,"s":[222,166,0],"to":[218.056,-185.094,0],"ti":[56,-244,0]},{"i":{"x":0.533,"y":0.708},"o":{"x":0.233,"y":0.335},"t":33.526,"s":[-120,104,0],"to":[-56,244,0],"ti":[-237.998,174.532,0]},{"i":{"x":0.547,"y":1},"o":{"x":0.231,"y":0.583},"t":44.656,"s":[500,234,0],"to":[150,-110,0],"ti":[-66,-4,0]},{"t":67.7646484375,"s":[866,82,0]}],"ix":2,"l":2},"a":{"a":0,"k":[1322.211,502.096,0],"ix":1,"l":2},"s":{"a":0,"k":[100,100,100],"ix":6,"l":2}},"ao":1,"shapes":[{"ty":"gr","it":[{"ind":0,"ty":"sh","ix":1,"ks":{"a":0,"k":{"i":[[0,0],[2.153,-0.498],[-0.927,0.66],[-1.267,-0.073],[0,0]],"o":[[-2.267,-0.061],[1.085,-0.377],[0.96,-0.659],[0,0],[0,0]],"v":[[2.993,-1.119],[-3.056,1.578],[-0.144,-0.18],[3.056,-1.573],[2.993,-1.119]],"c":true},"ix":2},"nm":"Path 1","mn":"ADBE Vector Shape - Group","hd":false},{"ty":"fl","c":{"a":0,"k":[0.160784319043,0.180392161012,0.098039217293,1],"ix":4},"o":{"a":0,"k":100,"ix":5},"r":1,"bm":0,"nm":"Fill 1","mn":"ADBE Vector Graphic - Fill","hd":false},{"ty":"tr","p":{"a":0,"k":[1317.281,502.491],"ix":2},"a":{"a":0,"k":[0,0],"ix":1},"s":{"a":0,"k":[100,100],"ix":3},"r":{"a":0,"k":0,"ix":6},"o":{"a":0,"k":100,"ix":7},"sk":{"a":0,"k":0,"ix":4},"sa":{"a":0,"k":0,"ix":5},"nm":"Transform"}],"nm":"Group 1","np":2,"cix":2,"bm":0,"ix":1,"mn":"ADBE Vector Group","hd":false},{"ty":"gr","it":[{"ind":0,"ty":"sh","ix":1,"ks":{"a":0,"k":{"i":[[0,0],[-2.09,-1.083],[2.267,0.341],[0,0]],"o":[[2.433,0.459],[-2.055,-0.88],[0,0],[0,0]],"v":[[-2.778,-2.086],[2.795,2.086],[-2.795,-1.628],[-2.778,-2.086]],"c":true},"ix":2},"nm":"Path 1","mn":"ADBE Vector Shape - Group","hd":false},{"ty":"fl","c":{"a":0,"k":[0.160784319043,0.180392161012,0.098039217293,1],"ix":4},"o":{"a":0,"k":100,"ix":5},"r":1,"bm":0,"nm":"Fill 1","mn":"ADBE Vector Graphic - Fill","hd":false},{"ty":"tr","p":{"a":0,"k":[1323.381,502.912],"ix":2},"a":{"a":0,"k":[0,0],"ix":1},"s":{"a":0,"k":[100,100],"ix":3},"r":{"a":0,"k":0,"ix":6},"o":{"a":0,"k":100,"ix":7},"sk":{"a":0,"k":0,"ix":4},"sa":{"a":0,"k":0,"ix":5},"nm":"Transform"}],"nm":"Group 2","np":2,"cix":2,"bm":0,"ix":2,"mn":"ADBE Vector Group","hd":false},{"ty":"gr","it":[{"ind":0,"ty":"sh","ix":1,"ks":{"a":0,"k":{"i":[[0,0],[-0.871,1.002],[0.966,-1.026],[0,0]],"o":[[0.957,-0.91],[-0.83,1.121],[0,0],[0,0]],"v":[[-1.063,1.569],[1.063,-1.81],[-0.875,1.81],[-1.063,1.569]],"c":true},"ix":2},"nm":"Path 1","mn":"ADBE Vector Shape - Group","hd":false},{"ty":"fl","c":{"a":0,"k":[0.160784319043,0.180392161012,0.098039217293,1],"ix":4},"o":{"a":0,"k":100,"ix":5},"r":1,"bm":0,"nm":"Fill 1","mn":"ADBE Vector Graphic - Fill","hd":false},{"ty":"tr","p":{"a":0,"k":[1325.798,495.605],"ix":2},"a":{"a":0,"k":[0,0],"ix":1},"s":{"a":0,"k":[100,100],"ix":3},"r":{"a":0,"k":0,"ix":6},"o":{"a":0,"k":100,"ix":7},"sk":{"a":0,"k":0,"ix":4},"sa":{"a":0,"k":0,"ix":5},"nm":"Transform"}],"nm":"Group 3","np":2,"cix":2,"bm":0,"ix":3,"mn":"ADBE Vector Group","hd":false},{"ty":"gr","it":[{"ind":0,"ty":"sh","ix":1,"ks":{"a":0,"k":{"i":[[0,0],[0.197,1.053],[-0.162,-0.499],[-0.291,-0.382],[0,0]],"o":[[-0.525,-0.96],[0.128,0.512],[0.163,0.465],[0,0],[0,0]],"v":[[0.287,1.549],[-0.526,-1.549],[-0.092,-0.031],[0.526,1.359],[0.287,1.549]],"c":true},"ix":2},"nm":"Path 1","mn":"ADBE Vector Shape - Group","hd":false},{"ty":"fl","c":{"a":0,"k":[0.160784319043,0.180392161012,0.098039217293,1],"ix":4},"o":{"a":0,"k":100,"ix":5},"r":1,"bm":0,"nm":"Fill 1","mn":"ADBE Vector Graphic - Fill","hd":false},{"ty":"tr","p":{"a":0,"k":[1318.5,496.607],"ix":2},"a":{"a":0,"k":[0,0],"ix":1},"s":{"a":0,"k":[100,100],"ix":3},"r":{"a":0,"k":0,"ix":6},"o":{"a":0,"k":100,"ix":7},"sk":{"a":0,"k":0,"ix":4},"sa":{"a":0,"k":0,"ix":5},"nm":"Transform"}],"nm":"Group 4","np":2,"cix":2,"bm":0,"ix":4,"mn":"ADBE Vector Group","hd":false},{"ty":"gr","it":[{"ind":0,"ty":"sh","ix":1,"ks":{"a":0,"k":{"i":[[0,0],[0.595,0.119],[0.611,0.073],[-0.642,-0.1],[-0.511,-0.372],[0,0]],"o":[[-0.457,-0.393],[-0.607,-0.147],[0.629,0.021],[0.645,0.075],[0,0],[0,0]],"v":[[1.608,0.517],[0.041,-0.346],[-1.8,-0.306],[0.064,-0.497],[1.8,0.28],[1.608,0.517]],"c":true},"ix":2},"nm":"Path 1","mn":"ADBE Vector Shape - Group","hd":false},{"ty":"fl","c":{"a":0,"k":[0.160784319043,0.180392161012,0.098039217293,1],"ix":4},"o":{"a":0,"k":100,"ix":5},"r":1,"bm":0,"nm":"Fill 1","mn":"ADBE Vector Graphic - Fill","hd":false},{"ty":"tr","p":{"a":0,"k":[1317.203,497.662],"ix":2},"a":{"a":0,"k":[0,0],"ix":1},"s":{"a":0,"k":[100,100],"ix":3},"r":{"a":0,"k":0,"ix":6},"o":{"a":0,"k":100,"ix":7},"sk":{"a":0,"k":0,"ix":4},"sa":{"a":0,"k":0,"ix":5},"nm":"Transform"}],"nm":"Group 5","np":2,"cix":2,"bm":0,"ix":5,"mn":"ADBE Vector Group","hd":false},{"ty":"gr","it":[{"ind":0,"ty":"sh","ix":1,"ks":{"a":0,"k":{"i":[[0,0],[-0.472,0.897],[0.217,-0.483],[0.399,-0.42],[0,0]],"o":[[0.721,-0.716],[-0.183,0.495],[-0.243,0.498],[0,0],[0,0]],"v":[[-0.813,1.198],[0.813,-1.433],[0.213,0.034],[-0.618,1.433],[-0.813,1.198]],"c":true},"ix":2},"nm":"Path 1","mn":"ADBE Vector Shape - Group","hd":false},{"ty":"fl","c":{"a":0,"k":[0.160784319043,0.180392161012,0.098039217293,1],"ix":4},"o":{"a":0,"k":100,"ix":5},"r":1,"bm":0,"nm":"Fill 1","mn":"ADBE Vector Graphic - Fill","hd":false},{"ty":"tr","p":{"a":0,"k":[1322.706,498.111],"ix":2},"a":{"a":0,"k":[0,0],"ix":1},"s":{"a":0,"k":[100,100],"ix":3},"r":{"a":0,"k":0,"ix":6},"o":{"a":0,"k":100,"ix":7},"sk":{"a":0,"k":0,"ix":4},"sa":{"a":0,"k":0,"ix":5},"nm":"Transform"}],"nm":"Group 6","np":2,"cix":2,"bm":0,"ix":6,"mn":"ADBE Vector Group","hd":false},{"ty":"gr","it":[{"ind":0,"ty":"sh","ix":1,"ks":{"a":0,"k":{"i":[[0,0],[-1.215,0.257],[0.994,-0.805],[0,0]],"o":[[1.131,-0.764],[-1.132,0.356],[0,0],[0,0]],"v":[[-1.833,0.106],[1.833,-0.363],[-1.667,0.363],[-1.833,0.106]],"c":true},"ix":2},"nm":"Path 1","mn":"ADBE Vector Shape - Group","hd":false},{"ty":"fl","c":{"a":0,"k":[0.160784319043,0.180392161012,0.098039217293,1],"ix":4},"o":{"a":0,"k":100,"ix":5},"r":1,"bm":0,"nm":"Fill 1","mn":"ADBE Vector Graphic - Fill","hd":false},{"ty":"tr","p":{"a":0,"k":[1325.934,497.478],"ix":2},"a":{"a":0,"k":[0,0],"ix":1},"s":{"a":0,"k":[100,100],"ix":3},"r":{"a":0,"k":0,"ix":6},"o":{"a":0,"k":100,"ix":7},"sk":{"a":0,"k":0,"ix":4},"sa":{"a":0,"k":0,"ix":5},"nm":"Transform"}],"nm":"Group 7","np":2,"cix":2,"bm":0,"ix":7,"mn":"ADBE Vector Group","hd":false},{"ty":"gr","it":[{"ind":0,"ty":"sh","ix":1,"ks":{"a":0,"k":{"i":[[0,0],[-0.646,-0.059],[-0.62,-0.109],[0.624,-0.02],[0.528,-0.291],[0,0]],"o":[[0.576,-0.259],[0.649,0.033],[-0.613,-0.053],[-0.607,-0.005],[0,0],[0,0]],"v":[[-1.822,0.072],[0.036,-0.334],[1.822,0.236],[0.028,-0.181],[-1.682,0.344],[-1.822,0.072]],"c":true},"ix":2},"nm":"Path 1","mn":"ADBE Vector Shape - Group","hd":false},{"ty":"fl","c":{"a":0,"k":[0.160784319043,0.180392161012,0.098039217293,1],"ix":4},"o":{"a":0,"k":100,"ix":5},"r":1,"bm":0,"nm":"Fill 1","mn":"ADBE Vector Graphic - Fill","hd":false},{"ty":"tr","p":{"a":0,"k":[1323.742,499.219],"ix":2},"a":{"a":0,"k":[0,0],"ix":1},"s":{"a":0,"k":[100,100],"ix":3},"r":{"a":0,"k":0,"ix":6},"o":{"a":0,"k":100,"ix":7},"sk":{"a":0,"k":0,"ix":4},"sa":{"a":0,"k":0,"ix":5},"nm":"Transform"}],"nm":"Group 8","np":2,"cix":2,"bm":0,"ix":8,"mn":"ADBE Vector Group","hd":false},{"ty":"gr","it":[{"ind":0,"ty":"sh","ix":1,"ks":{"a":0,"k":{"i":[[0,0],[-2.944,1.807],[-0.347,0.357],[0.404,-0.285],[1.717,-1.747],[0.387,-0.858],[0,0]],"o":[[1.771,-3.129],[0.417,-0.264],[-0.329,0.375],[-2.033,1.358],[-0.679,0.695],[0,0],[0,0]],"v":[[-4.656,3.573],[3.453,-2.973],[4.656,-3.837],[3.494,-2.908],[-2.422,1.518],[-4.104,3.837],[-4.656,3.573]],"c":true},"ix":2},"nm":"Path 1","mn":"ADBE Vector Shape - Group","hd":false},{"ty":"fl","c":{"a":0,"k":[0.160784319043,0.180392161012,0.098039217293,1],"ix":4},"o":{"a":0,"k":100,"ix":5},"r":1,"bm":0,"nm":"Fill 1","mn":"ADBE Vector Graphic - Fill","hd":false},{"ty":"tr","p":{"a":0,"k":[1324.46,498.25],"ix":2},"a":{"a":0,"k":[0,0],"ix":1},"s":{"a":0,"k":[100,100],"ix":3},"r":{"a":0,"k":0,"ix":6},"o":{"a":0,"k":100,"ix":7},"sk":{"a":0,"k":0,"ix":4},"sa":{"a":0,"k":0,"ix":5},"nm":"Transform"}],"nm":"Group 9","np":2,"cix":2,"bm":0,"ix":9,"mn":"ADBE Vector Group","hd":false},{"ty":"gr","it":[{"ind":0,"ty":"sh","ix":1,"ks":{"a":0,"k":{"i":[[0,0],[0.946,1.117],[0.559,0.492],[0.372,0.64],[-0.591,-0.437],[-0.464,-1.488],[-0.143,-0.741],[0,0]],"o":[[-0.157,-1.418],[-0.456,-0.556],[-0.568,-0.484],[0.416,0.614],[1.236,0.819],[0.28,0.713],[0,0],[0,0]],"v":[[1.912,3.598],[0.543,-0.423],[-1.087,-1.897],[-2.518,-3.598],[-0.99,-2.015],[1.954,1.319],[2.518,3.518],[1.912,3.598]],"c":true},"ix":2},"nm":"Path 1","mn":"ADBE Vector Shape - Group","hd":false},{"ty":"fl","c":{"a":0,"k":[0.160784319043,0.180392161012,0.098039217293,1],"ix":4},"o":{"a":0,"k":100,"ix":5},"r":1,"bm":0,"nm":"Fill 1","mn":"ADBE Vector Graphic - Fill","hd":false},{"ty":"tr","p":{"a":0,"k":[1317.969,498.252],"ix":2},"a":{"a":0,"k":[0,0],"ix":1},"s":{"a":0,"k":[100,100],"ix":3},"r":{"a":0,"k":0,"ix":6},"o":{"a":0,"k":100,"ix":7},"sk":{"a":0,"k":0,"ix":4},"sa":{"a":0,"k":0,"ix":5},"nm":"Transform"}],"nm":"Group 10","np":2,"cix":2,"bm":0,"ix":10,"mn":"ADBE Vector Group","hd":false},{"ty":"gr","it":[{"ind":0,"ty":"sh","ix":1,"ks":{"a":0,"k":{"i":[[0,0],[-1.506,7.372],[-2.442,6.457],[0.642,-3.381],[11.081,-7.713],[0,0]],"o":[[6.322,-4.029],[1.384,-6.726],[-1.024,3.295],[-2.186,11.935],[0,0],[0,0]],"v":[[-8.096,17.301],[2.993,1.225],[8.096,-18.818],[5.572,-8.803],[-7.065,18.818],[-8.096,17.301]],"c":true},"ix":2},"nm":"Path 1","mn":"ADBE Vector Shape - Group","hd":false},{"ty":"fl","c":{"a":0,"k":[0.160784319043,0.180392161012,0.098039217293,1],"ix":4},"o":{"a":0,"k":100,"ix":5},"r":1,"bm":0,"nm":"Fill 1","mn":"ADBE Vector Graphic - Fill","hd":false},{"ty":"tr","p":{"a":0,"k":[1316.384,502.346],"ix":2},"a":{"a":0,"k":[0,0],"ix":1},"s":{"a":0,"k":[100,100],"ix":3},"r":{"a":0,"k":0,"ix":6},"o":{"a":0,"k":100,"ix":7},"sk":{"a":0,"k":0,"ix":4},"sa":{"a":0,"k":0,"ix":5},"nm":"Transform"}],"nm":"Group 11","np":2,"cix":2,"bm":0,"ix":11,"mn":"ADBE Vector Group","hd":false},{"ty":"gr","it":[{"ind":0,"ty":"sh","ix":1,"ks":{"a":0,"k":{"i":[[-3.386,-3.803],[0.862,-3.32],[-3.434,3.511],[-3.758,-1.139],[0.467,2.345],[-2.02,3.854],[2.408,-1.077],[2.772,7.416],[2.358,-7.131],[4.706,1.355]],"o":[[-1.472,1.244],[4.506,0.622],[3.192,3.817],[0.592,-1.836],[3.984,-2.51],[-4.203,-1.079],[0.644,-5.586],[-4.912,4.677],[-1.234,-1.502],[0.88,4.482]],"v":[[-11.39,8.196],[-14.696,15.709],[-2.954,11.794],[8.063,17.911],[8.009,11.523],[17.37,2.219],[7.326,2.198],[3.004,-17.911],[-7.785,-0.089],[-17.37,-4.345]],"c":true},"ix":2},"nm":"Path 1","mn":"ADBE Vector Shape - Group","hd":false},{"ty":"fl","c":{"a":0,"k":[0.603921592236,0.717647075653,0.29411765933,1],"ix":4},"o":{"a":0,"k":100,"ix":5},"r":1,"bm":0,"nm":"Fill 1","mn":"ADBE Vector Graphic - Fill","hd":false},{"ty":"tr","p":{"a":0,"k":[1322.961,490.439],"ix":2},"a":{"a":0,"k":[0,0],"ix":1},"s":{"a":0,"k":[100,100],"ix":3},"r":{"a":0,"k":0,"ix":6},"o":{"a":0,"k":100,"ix":7},"sk":{"a":0,"k":0,"ix":4},"sa":{"a":0,"k":0,"ix":5},"nm":"Transform"}],"nm":"Group 12","np":2,"cix":2,"bm":0,"ix":12,"mn":"ADBE Vector Group","hd":false}],"ip":0,"op":241,"st":0,"ct":1,"bm":0},{"ddd":0,"ind":4,"ty":4,"nm":"leaf04","parent":1,"sr":1,"ks":{"o":{"a":0,"k":100,"ix":11,"x":"var $bm_rt;\n$bm_rt = hasParent ? $bm_mul($bm_div(parent.opacity, 100), value) : value;"},"r":{"a":0,"k":0,"ix":10},"p":{"a":1,"k":[{"i":{"x":0.833,"y":0.833},"o":{"x":0.76,"y":0},"t":2.823,"s":[-898,372,0],"to":[0,0,0],"ti":[-212,192,0]},{"i":{"x":0.604,"y":0.558},"o":{"x":0.167,"y":0.167},"t":29.411,"s":[276,164,0],"to":[212,-192,0],"ti":[56,-244,0]},{"i":{"x":0.53,"y":0.714},"o":{"x":0.23,"y":0.339},"t":36.583,"s":[-160,80,0],"to":[-56,244,0],"ti":[-237.998,174.532,0]},{"i":{"x":0.554,"y":1},"o":{"x":0.236,"y":0.588},"t":48.236,"s":[530,260,0],"to":[150,-110,0],"ti":[-66,-4,0]},{"t":70.587890625,"s":[892,104,0]}],"ix":2,"l":2},"a":{"a":0,"k":[1347.847,512.718,0],"ix":1,"l":2},"s":{"a":0,"k":[100,100,100],"ix":6,"l":2}},"ao":1,"shapes":[{"ty":"gr","it":[{"ind":0,"ty":"sh","ix":1,"ks":{"a":0,"k":{"i":[[0,0],[1.637,-1.656],[-0.987,2.041],[0,0]],"o":[[-1.149,2.168],[1.431,-1.683],[0,0],[0,0]],"v":[[2.804,-1.914],[-2.804,2.066],[2.372,-2.066],[2.804,-1.914]],"c":true},"ix":2},"nm":"Path 1","mn":"ADBE Vector Shape - Group","hd":false},{"ty":"fl","c":{"a":0,"k":[0.1254902035,0.141176477075,0.074509806931,1],"ix":4},"o":{"a":0,"k":100,"ix":5},"r":1,"bm":0,"nm":"Fill 1","mn":"ADBE Vector Graphic - Fill","hd":false},{"ty":"tr","p":{"a":0,"k":[1346.336,514.828],"ix":2},"a":{"a":0,"k":[0,0],"ix":1},"s":{"a":0,"k":[100,100],"ix":3},"r":{"a":0,"k":0,"ix":6},"o":{"a":0,"k":100,"ix":7},"sk":{"a":0,"k":0,"ix":4},"sa":{"a":0,"k":0,"ix":5},"nm":"Transform"}],"nm":"Group 1","np":2,"cix":2,"bm":0,"ix":1,"mn":"ADBE Vector Group","hd":false},{"ty":"gr","it":[{"ind":0,"ty":"sh","ix":1,"ks":{"a":0,"k":{"i":[[0,0],[-0.163,2.23],[-0.342,-1.1],[0.449,-1.2],[0,0]],"o":[[0.74,-2.171],[0.037,1.162],[0.331,1.132],[0,0],[0,0]],"v":[[0.071,3.238],[-0.659,-3.434],[0.134,-0.082],[0.485,3.434],[0.071,3.238]],"c":true},"ix":2},"nm":"Path 1","mn":"ADBE Vector Shape - Group","hd":false},{"ty":"fl","c":{"a":0,"k":[0.1254902035,0.141176477075,0.074509806931,1],"ix":4},"o":{"a":0,"k":100,"ix":5},"r":1,"bm":0,"nm":"Fill 1","mn":"ADBE Vector Graphic - Fill","hd":false},{"ty":"tr","p":{"a":0,"k":[1348.859,509.287],"ix":2},"a":{"a":0,"k":[0,0],"ix":1},"s":{"a":0,"k":[100,100],"ix":3},"r":{"a":0,"k":0,"ix":6},"o":{"a":0,"k":100,"ix":7},"sk":{"a":0,"k":0,"ix":4},"sa":{"a":0,"k":0,"ix":5},"nm":"Transform"}],"nm":"Group 2","np":2,"cix":2,"bm":0,"ix":2,"mn":"ADBE Vector Group","hd":false},{"ty":"gr","it":[{"ind":0,"ty":"sh","ix":1,"ks":{"a":0,"k":{"i":[[0,0],[-1.376,0.222],[1.248,-0.431],[0,0]],"o":[[1.355,-0.386],[-1.29,0.313],[0,0],[0,0]],"v":[[-2.053,-0.068],[2.053,-0.125],[-1.925,0.209],[-2.053,-0.068]],"c":true},"ix":2},"nm":"Path 1","mn":"ADBE Vector Shape - Group","hd":false},{"ty":"fl","c":{"a":0,"k":[0.1254902035,0.141176477075,0.074509806931,1],"ix":4},"o":{"a":0,"k":100,"ix":5},"r":1,"bm":0,"nm":"Fill 1","mn":"ADBE Vector Graphic - Fill","hd":false},{"ty":"tr","p":{"a":0,"k":[1356.412,510.519],"ix":2},"a":{"a":0,"k":[0,0],"ix":1},"s":{"a":0,"k":[100,100],"ix":3},"r":{"a":0,"k":0,"ix":6},"o":{"a":0,"k":100,"ix":7},"sk":{"a":0,"k":0,"ix":4},"sa":{"a":0,"k":0,"ix":5},"nm":"Transform"}],"nm":"Group 3","np":2,"cix":2,"bm":0,"ix":3,"mn":"ADBE Vector Group","hd":false},{"ty":"gr","it":[{"ind":0,"ty":"sh","ix":1,"ks":{"a":0,"k":{"i":[[0,0],[-0.738,-0.695],[0.407,0.339],[0.297,0.497],[0,0]],"o":[[0.496,0.886],[-0.428,-0.309],[-0.415,-0.367],[0,0],[0,0]],"v":[[-0.91,-1.136],[1.189,1.136],[-0.063,0.165],[-1.189,-1.011],[-0.91,-1.136]],"c":true},"ix":2},"nm":"Path 1","mn":"ADBE Vector Shape - Group","hd":false},{"ty":"fl","c":{"a":0,"k":[0.1254902035,0.141176477075,0.074509806931,1],"ix":4},"o":{"a":0,"k":100,"ix":5},"r":1,"bm":0,"nm":"Fill 1","mn":"ADBE Vector Graphic - Fill","hd":false},{"ty":"tr","p":{"a":0,"k":[1352.07,516.572],"ix":2},"a":{"a":0,"k":[0,0],"ix":1},"s":{"a":0,"k":[100,100],"ix":3},"r":{"a":0,"k":0,"ix":6},"o":{"a":0,"k":100,"ix":7},"sk":{"a":0,"k":0,"ix":4},"sa":{"a":0,"k":0,"ix":5},"nm":"Transform"}],"nm":"Group 4","np":2,"cix":2,"bm":0,"ix":4,"mn":"ADBE Vector Group","hd":false},{"ty":"gr","it":[{"ind":0,"ty":"sh","ix":1,"ks":{"a":0,"k":{"i":[[0,0],[0.23,-0.607],[0.271,-0.568],[-0.148,0.606],[0.139,0.587],[0,0]],"o":[[0.095,0.625],[-0.206,0.616],[0.216,-0.577],[0.168,-0.583],[0,0],[0,0]],"v":[[0.532,-1.733],[0.425,0.166],[-0.602,1.733],[0.28,0.117],[0.233,-1.672],[0.532,-1.733]],"c":true},"ix":2},"nm":"Path 1","mn":"ADBE Vector Shape - Group","hd":false},{"ty":"fl","c":{"a":0,"k":[0.1254902035,0.141176477075,0.074509806931,1],"ix":4},"o":{"a":0,"k":100,"ix":5},"r":1,"bm":0,"nm":"Fill 1","mn":"ADBE Vector Graphic - Fill","hd":false},{"ty":"tr","p":{"a":0,"k":[1350.637,517.201],"ix":2},"a":{"a":0,"k":[0,0],"ix":1},"s":{"a":0,"k":[100,100],"ix":3},"r":{"a":0,"k":0,"ix":6},"o":{"a":0,"k":100,"ix":7},"sk":{"a":0,"k":0,"ix":4},"sa":{"a":0,"k":0,"ix":5},"nm":"Transform"}],"nm":"Group 5","np":2,"cix":2,"bm":0,"ix":5,"mn":"ADBE Vector Group","hd":false},{"ty":"gr","it":[{"ind":0,"ty":"sh","ix":1,"ks":{"a":0,"k":{"i":[[0,0],[-1.067,-0.093],[0.525,-0.022],[0.446,-0.178],[0,0]],"o":[[1.065,-0.248],[-0.527,-0.014],[-0.491,0.033],[0,0],[0,0]],"v":[[-1.602,-0.081],[1.602,-0.034],[0.023,-0.023],[-1.482,0.2],[-1.602,-0.081]],"c":true},"ix":2},"nm":"Path 1","mn":"ADBE Vector Shape - Group","hd":false},{"ty":"fl","c":{"a":0,"k":[0.1254902035,0.141176477075,0.074509806931,1],"ix":4},"o":{"a":0,"k":100,"ix":5},"r":1,"bm":0,"nm":"Fill 1","mn":"ADBE Vector Graphic - Fill","hd":false},{"ty":"tr","p":{"a":0,"k":[1352.766,512.072],"ix":2},"a":{"a":0,"k":[0,0],"ix":1},"s":{"a":0,"k":[100,100],"ix":3},"r":{"a":0,"k":0,"ix":6},"o":{"a":0,"k":100,"ix":7},"sk":{"a":0,"k":0,"ix":4},"sa":{"a":0,"k":0,"ix":5},"nm":"Transform"}],"nm":"Group 6","np":2,"cix":2,"bm":0,"ix":6,"mn":"ADBE Vector Group","hd":false},{"ty":"gr","it":[{"ind":0,"ty":"sh","ix":1,"ks":{"a":0,"k":{"i":[[0,0],[-0.837,0.842],[1.198,-0.653],[0,0]],"o":[[1.172,-0.514],[-0.786,0.96],[0,0],[0,0]],"v":[[-1.127,1.255],[1.127,-1.52],[-0.975,1.52],[-1.127,1.255]],"c":true},"ix":2},"nm":"Path 1","mn":"ADBE Vector Shape - Group","hd":false},{"ty":"fl","c":{"a":0,"k":[0.1254902035,0.141176477075,0.074509806931,1],"ix":4},"o":{"a":0,"k":100,"ix":5},"r":1,"bm":0,"nm":"Fill 1","mn":"ADBE Vector Graphic - Fill","hd":false},{"ty":"tr","p":{"a":0,"k":[1354.806,509.584],"ix":2},"a":{"a":0,"k":[0,0],"ix":1},"s":{"a":0,"k":[100,100],"ix":3},"r":{"a":0,"k":0,"ix":6},"o":{"a":0,"k":100,"ix":7},"sk":{"a":0,"k":0,"ix":4},"sa":{"a":0,"k":0,"ix":5},"nm":"Transform"}],"nm":"Group 7","np":2,"cix":2,"bm":0,"ix":7,"mn":"ADBE Vector Group","hd":false},{"ty":"gr","it":[{"ind":0,"ty":"sh","ix":1,"ks":{"a":0,"k":{"i":[[0,0],[-0.274,0.541],[-0.235,0.569],[0.269,-0.591],[0.495,-0.393],[0,0]],"o":[[0.501,-0.335],[0.304,-0.545],[-0.189,0.601],[-0.245,0.601],[0,0],[0,0]],"v":[[-0.853,1.407],[0.399,0.129],[0.853,-1.656],[0.538,0.192],[-0.676,1.656],[-0.853,1.407]],"c":true},"ix":2},"nm":"Path 1","mn":"ADBE Vector Shape - Group","hd":false},{"ty":"fl","c":{"a":0,"k":[0.1254902035,0.141176477075,0.074509806931,1],"ix":4},"o":{"a":0,"k":100,"ix":5},"r":1,"bm":0,"nm":"Fill 1","mn":"ADBE Vector Graphic - Fill","hd":false},{"ty":"tr","p":{"a":0,"k":[1351.988,510.6],"ix":2},"a":{"a":0,"k":[0,0],"ix":1},"s":{"a":0,"k":[100,100],"ix":3},"r":{"a":0,"k":0,"ix":6},"o":{"a":0,"k":100,"ix":7},"sk":{"a":0,"k":0,"ix":4},"sa":{"a":0,"k":0,"ix":5},"nm":"Transform"}],"nm":"Group 8","np":2,"cix":2,"bm":0,"ix":8,"mn":"ADBE Vector Group","hd":false},{"ty":"gr","it":[{"ind":0,"ty":"sh","ix":1,"ks":{"a":0,"k":{"i":[[0,0],[-2.95,1.575],[-0.485,0.12],[0.426,-0.249],[2.341,-0.856],[1.051,0.001],[0,0]],"o":[[3.452,0.033],[0.439,-0.228],[-0.476,0.144],[-2.103,1.306],[-0.946,0.342],[0,0],[0,0]],"v":[[-5.411,1.821],[4.072,-1.827],[5.43,-2.432],[4.11,-1.761],[-2.433,1.827],[-5.43,2.432],[-5.411,1.821]],"c":true},"ix":2},"nm":"Path 1","mn":"ADBE Vector Shape - Group","hd":false},{"ty":"fl","c":{"a":0,"k":[0.1254902035,0.141176477075,0.074509806931,1],"ix":4},"o":{"a":0,"k":100,"ix":5},"r":1,"bm":0,"nm":"Fill 1","mn":"ADBE Vector Graphic - Fill","hd":false},{"ty":"tr","p":{"a":0,"k":[1353.522,510.54],"ix":2},"a":{"a":0,"k":[0,0],"ix":1},"s":{"a":0,"k":[100,100],"ix":3},"r":{"a":0,"k":0,"ix":6},"o":{"a":0,"k":100,"ix":7},"sk":{"a":0,"k":0,"ix":4},"sa":{"a":0,"k":0,"ix":5},"nm":"Transform"}],"nm":"Group 9","np":2,"cix":2,"bm":0,"ix":9,"mn":"ADBE Vector Group","hd":false},{"ty":"gr","it":[{"ind":0,"ty":"sh","ix":1,"ks":{"a":0,"k":{"i":[[0,0],[-0.487,-1.47],[-0.793,-1.324],[0.168,0.727],[0.284,0.66],[1.187,0.792],[0,0]],"o":[[1.188,0.913],[0.443,1.441],[-0.398,-0.625],[-0.181,-0.723],[-0.557,-1.354],[0,0],[0,0]],"v":[[-1.827,-3.872],[1.051,-0.412],[2.177,3.872],[1.324,1.819],[0.765,-0.306],[-2.177,-3.37],[-1.827,-3.872]],"c":true},"ix":2},"nm":"Path 1","mn":"ADBE Vector Shape - Group","hd":false},{"ty":"fl","c":{"a":0,"k":[0.1254902035,0.141176477075,0.074509806931,1],"ix":4},"o":{"a":0,"k":100,"ix":5},"r":1,"bm":0,"nm":"Fill 1","mn":"ADBE Vector Graphic - Fill","hd":false},{"ty":"tr","p":{"a":0,"k":[1350.28,516.261],"ix":2},"a":{"a":0,"k":[0,0],"ix":1},"s":{"a":0,"k":[100,100],"ix":3},"r":{"a":0,"k":0,"ix":6},"o":{"a":0,"k":100,"ix":7},"sk":{"a":0,"k":0,"ix":4},"sa":{"a":0,"k":0,"ix":5},"nm":"Transform"}],"nm":"Group 10","np":2,"cix":2,"bm":0,"ix":10,"mn":"ADBE Vector Group","hd":false},{"ty":"gr","it":[{"ind":0,"ty":"sh","ix":1,"ks":{"a":0,"k":{"i":[[0,0],[-7.458,-2.474],[-6.848,-1.111],[6.61,1.862],[6.512,-3.767],[0,0]],"o":[[6.986,-3.645],[6.572,2.168],[-6.857,-0.799],[-7.273,-2.05],[0,0],[0,0]],"v":[[-20.197,-0.299],[0.301,-2.026],[20.197,3.537],[0.051,-1.144],[-19.323,1.314],[-20.197,-0.299]],"c":true},"ix":2},"nm":"Path 1","mn":"ADBE Vector Shape - Group","hd":false},{"ty":"fl","c":{"a":0,"k":[0.1254902035,0.141176477075,0.074509806931,1],"ix":4},"o":{"a":0,"k":100,"ix":5},"r":1,"bm":0,"nm":"Fill 1","mn":"ADBE Vector Graphic - Fill","hd":false},{"ty":"tr","p":{"a":0,"k":[1346.291,513.692],"ix":2},"a":{"a":0,"k":[0,0],"ix":1},"s":{"a":0,"k":[100,100],"ix":3},"r":{"a":0,"k":0,"ix":6},"o":{"a":0,"k":100,"ix":7},"sk":{"a":0,"k":0,"ix":4},"sa":{"a":0,"k":0,"ix":5},"nm":"Transform"}],"nm":"Group 11","np":2,"cix":2,"bm":0,"ix":11,"mn":"ADBE Vector Group","hd":false},{"ty":"gr","it":[{"ind":0,"ty":"sh","ix":1,"ks":{"a":0,"k":{"i":[[1.874,4.332],[3.127,0.573],[-4.293,1.514],[-0.511,3.604],[-1.789,-1.309],[-4.029,0.192],[1.847,-1.603],[-7.413,-4.247],[6.915,0.805],[0.7,-4.485]],"o":[[-1.621,0.751],[1.238,-4.031],[-1.961,-4.174],[1.775,0.22],[3.667,-2.368],[-0.736,3.955],[4.947,1.642],[-5.851,2.301],[0.78,1.624],[-3.989,-2.333]],"v":[[-10.022,6.303],[-17.629,6.145],[-9.749,-2.194],[-10.585,-13.844],[-5.236,-11.303],[6.242,-15.535],[2.335,-7.084],[17.629,5.452],[-1.649,6.51],[-1.175,15.535]],"c":true},"ix":2},"nm":"Path 1","mn":"ADBE Vector Shape - Group","hd":false},{"ty":"fl","c":{"a":0,"k":[0.274509817362,0.341176480055,0.101960785687,1],"ix":4},"o":{"a":0,"k":100,"ix":5},"r":1,"bm":0,"nm":"Fill 1","mn":"ADBE Vector Graphic - Fill","hd":false},{"ty":"tr","p":{"a":0,"k":[1357.47,514.343],"ix":2},"a":{"a":0,"k":[0,0],"ix":1},"s":{"a":0,"k":[100,100],"ix":3},"r":{"a":0,"k":0,"ix":6},"o":{"a":0,"k":100,"ix":7},"sk":{"a":0,"k":0,"ix":4},"sa":{"a":0,"k":0,"ix":5},"nm":"Transform"}],"nm":"Group 12","np":2,"cix":2,"bm":0,"ix":12,"mn":"ADBE Vector Group","hd":false}],"ip":2,"op":243,"st":2,"ct":1,"bm":0},{"ddd":0,"ind":5,"ty":4,"nm":"leaf03","parent":1,"sr":1,"ks":{"o":{"a":0,"k":100,"ix":11,"x":"var $bm_rt;\n$bm_rt = hasParent ? $bm_mul($bm_div(parent.opacity, 100), value) : value;"},"r":{"a":0,"k":0,"ix":10},"p":{"a":1,"k":[{"i":{"x":0.833,"y":0.833},"o":{"x":0.76,"y":0},"t":0,"s":[-862,400,0],"to":[0,0,0],"ti":[-172,146,0]},{"i":{"x":0.604,"y":0.558},"o":{"x":0.167,"y":0.167},"t":25.92,"s":[250,214,0],"to":[218.056,-185.094,0],"ti":[56,-244,0]},{"i":{"x":0.524,"y":0.72},"o":{"x":0.226,"y":0.342},"t":33.231,"s":[-188,114,0],"to":[-56,244,0],"ti":[-237.998,174.532,0]},{"i":{"x":0.56,"y":1},"o":{"x":0.24,"y":0.592},"t":45.822,"s":[538,304,0],"to":[150,-110,0],"ti":[-66,-4,0]},{"t":67.7646484375,"s":[864,144,0]}],"ix":2,"l":2},"a":{"a":0,"k":[1322.211,502.096,0],"ix":1,"l":2},"s":{"a":0,"k":[100,100,100],"ix":6,"l":2}},"ao":1,"shapes":[{"ty":"gr","it":[{"ind":0,"ty":"sh","ix":1,"ks":{"a":0,"k":{"i":[[0,0],[2.153,-0.498],[-0.927,0.66],[-1.267,-0.073],[0,0]],"o":[[-2.267,-0.061],[1.085,-0.377],[0.96,-0.659],[0,0],[0,0]],"v":[[2.993,-1.119],[-3.056,1.578],[-0.144,-0.18],[3.056,-1.573],[2.993,-1.119]],"c":true},"ix":2},"nm":"Path 1","mn":"ADBE Vector Shape - Group","hd":false},{"ty":"fl","c":{"a":0,"k":[0.160784319043,0.180392161012,0.098039217293,1],"ix":4},"o":{"a":0,"k":100,"ix":5},"r":1,"bm":0,"nm":"Fill 1","mn":"ADBE Vector Graphic - Fill","hd":false},{"ty":"tr","p":{"a":0,"k":[1317.281,502.491],"ix":2},"a":{"a":0,"k":[0,0],"ix":1},"s":{"a":0,"k":[100,100],"ix":3},"r":{"a":0,"k":0,"ix":6},"o":{"a":0,"k":100,"ix":7},"sk":{"a":0,"k":0,"ix":4},"sa":{"a":0,"k":0,"ix":5},"nm":"Transform"}],"nm":"Group 1","np":2,"cix":2,"bm":0,"ix":1,"mn":"ADBE Vector Group","hd":false},{"ty":"gr","it":[{"ind":0,"ty":"sh","ix":1,"ks":{"a":0,"k":{"i":[[0,0],[-2.09,-1.083],[2.267,0.341],[0,0]],"o":[[2.433,0.459],[-2.055,-0.88],[0,0],[0,0]],"v":[[-2.778,-2.086],[2.795,2.086],[-2.795,-1.628],[-2.778,-2.086]],"c":true},"ix":2},"nm":"Path 1","mn":"ADBE Vector Shape - Group","hd":false},{"ty":"fl","c":{"a":0,"k":[0.160784319043,0.180392161012,0.098039217293,1],"ix":4},"o":{"a":0,"k":100,"ix":5},"r":1,"bm":0,"nm":"Fill 1","mn":"ADBE Vector Graphic - Fill","hd":false},{"ty":"tr","p":{"a":0,"k":[1323.381,502.912],"ix":2},"a":{"a":0,"k":[0,0],"ix":1},"s":{"a":0,"k":[100,100],"ix":3},"r":{"a":0,"k":0,"ix":6},"o":{"a":0,"k":100,"ix":7},"sk":{"a":0,"k":0,"ix":4},"sa":{"a":0,"k":0,"ix":5},"nm":"Transform"}],"nm":"Group 2","np":2,"cix":2,"bm":0,"ix":2,"mn":"ADBE Vector Group","hd":false},{"ty":"gr","it":[{"ind":0,"ty":"sh","ix":1,"ks":{"a":0,"k":{"i":[[0,0],[-0.871,1.002],[0.966,-1.026],[0,0]],"o":[[0.957,-0.91],[-0.83,1.121],[0,0],[0,0]],"v":[[-1.063,1.569],[1.063,-1.81],[-0.875,1.81],[-1.063,1.569]],"c":true},"ix":2},"nm":"Path 1","mn":"ADBE Vector Shape - Group","hd":false},{"ty":"fl","c":{"a":0,"k":[0.160784319043,0.180392161012,0.098039217293,1],"ix":4},"o":{"a":0,"k":100,"ix":5},"r":1,"bm":0,"nm":"Fill 1","mn":"ADBE Vector Graphic - Fill","hd":false},{"ty":"tr","p":{"a":0,"k":[1325.798,495.605],"ix":2},"a":{"a":0,"k":[0,0],"ix":1},"s":{"a":0,"k":[100,100],"ix":3},"r":{"a":0,"k":0,"ix":6},"o":{"a":0,"k":100,"ix":7},"sk":{"a":0,"k":0,"ix":4},"sa":{"a":0,"k":0,"ix":5},"nm":"Transform"}],"nm":"Group 3","np":2,"cix":2,"bm":0,"ix":3,"mn":"ADBE Vector Group","hd":false},{"ty":"gr","it":[{"ind":0,"ty":"sh","ix":1,"ks":{"a":0,"k":{"i":[[0,0],[0.197,1.053],[-0.162,-0.499],[-0.291,-0.382],[0,0]],"o":[[-0.525,-0.96],[0.128,0.512],[0.163,0.465],[0,0],[0,0]],"v":[[0.287,1.549],[-0.526,-1.549],[-0.092,-0.031],[0.526,1.359],[0.287,1.549]],"c":true},"ix":2},"nm":"Path 1","mn":"ADBE Vector Shape - Group","hd":false},{"ty":"fl","c":{"a":0,"k":[0.160784319043,0.180392161012,0.098039217293,1],"ix":4},"o":{"a":0,"k":100,"ix":5},"r":1,"bm":0,"nm":"Fill 1","mn":"ADBE Vector Graphic - Fill","hd":false},{"ty":"tr","p":{"a":0,"k":[1318.5,496.607],"ix":2},"a":{"a":0,"k":[0,0],"ix":1},"s":{"a":0,"k":[100,100],"ix":3},"r":{"a":0,"k":0,"ix":6},"o":{"a":0,"k":100,"ix":7},"sk":{"a":0,"k":0,"ix":4},"sa":{"a":0,"k":0,"ix":5},"nm":"Transform"}],"nm":"Group 4","np":2,"cix":2,"bm":0,"ix":4,"mn":"ADBE Vector Group","hd":false},{"ty":"gr","it":[{"ind":0,"ty":"sh","ix":1,"ks":{"a":0,"k":{"i":[[0,0],[0.595,0.119],[0.611,0.073],[-0.642,-0.1],[-0.511,-0.372],[0,0]],"o":[[-0.457,-0.393],[-0.607,-0.147],[0.629,0.021],[0.645,0.075],[0,0],[0,0]],"v":[[1.608,0.517],[0.041,-0.346],[-1.8,-0.306],[0.064,-0.497],[1.8,0.28],[1.608,0.517]],"c":true},"ix":2},"nm":"Path 1","mn":"ADBE Vector Shape - Group","hd":false},{"ty":"fl","c":{"a":0,"k":[0.160784319043,0.180392161012,0.098039217293,1],"ix":4},"o":{"a":0,"k":100,"ix":5},"r":1,"bm":0,"nm":"Fill 1","mn":"ADBE Vector Graphic - Fill","hd":false},{"ty":"tr","p":{"a":0,"k":[1317.203,497.662],"ix":2},"a":{"a":0,"k":[0,0],"ix":1},"s":{"a":0,"k":[100,100],"ix":3},"r":{"a":0,"k":0,"ix":6},"o":{"a":0,"k":100,"ix":7},"sk":{"a":0,"k":0,"ix":4},"sa":{"a":0,"k":0,"ix":5},"nm":"Transform"}],"nm":"Group 5","np":2,"cix":2,"bm":0,"ix":5,"mn":"ADBE Vector Group","hd":false},{"ty":"gr","it":[{"ind":0,"ty":"sh","ix":1,"ks":{"a":0,"k":{"i":[[0,0],[-0.472,0.897],[0.217,-0.483],[0.399,-0.42],[0,0]],"o":[[0.721,-0.716],[-0.183,0.495],[-0.243,0.498],[0,0],[0,0]],"v":[[-0.813,1.198],[0.813,-1.433],[0.213,0.034],[-0.618,1.433],[-0.813,1.198]],"c":true},"ix":2},"nm":"Path 1","mn":"ADBE Vector Shape - Group","hd":false},{"ty":"fl","c":{"a":0,"k":[0.160784319043,0.180392161012,0.098039217293,1],"ix":4},"o":{"a":0,"k":100,"ix":5},"r":1,"bm":0,"nm":"Fill 1","mn":"ADBE Vector Graphic - Fill","hd":false},{"ty":"tr","p":{"a":0,"k":[1322.706,498.111],"ix":2},"a":{"a":0,"k":[0,0],"ix":1},"s":{"a":0,"k":[100,100],"ix":3},"r":{"a":0,"k":0,"ix":6},"o":{"a":0,"k":100,"ix":7},"sk":{"a":0,"k":0,"ix":4},"sa":{"a":0,"k":0,"ix":5},"nm":"Transform"}],"nm":"Group 6","np":2,"cix":2,"bm":0,"ix":6,"mn":"ADBE Vector Group","hd":false},{"ty":"gr","it":[{"ind":0,"ty":"sh","ix":1,"ks":{"a":0,"k":{"i":[[0,0],[-1.215,0.257],[0.994,-0.805],[0,0]],"o":[[1.131,-0.764],[-1.132,0.356],[0,0],[0,0]],"v":[[-1.833,0.106],[1.833,-0.363],[-1.667,0.363],[-1.833,0.106]],"c":true},"ix":2},"nm":"Path 1","mn":"ADBE Vector Shape - Group","hd":false},{"ty":"fl","c":{"a":0,"k":[0.160784319043,0.180392161012,0.098039217293,1],"ix":4},"o":{"a":0,"k":100,"ix":5},"r":1,"bm":0,"nm":"Fill 1","mn":"ADBE Vector Graphic - Fill","hd":false},{"ty":"tr","p":{"a":0,"k":[1325.934,497.478],"ix":2},"a":{"a":0,"k":[0,0],"ix":1},"s":{"a":0,"k":[100,100],"ix":3},"r":{"a":0,"k":0,"ix":6},"o":{"a":0,"k":100,"ix":7},"sk":{"a":0,"k":0,"ix":4},"sa":{"a":0,"k":0,"ix":5},"nm":"Transform"}],"nm":"Group 7","np":2,"cix":2,"bm":0,"ix":7,"mn":"ADBE Vector Group","hd":false},{"ty":"gr","it":[{"ind":0,"ty":"sh","ix":1,"ks":{"a":0,"k":{"i":[[0,0],[-0.646,-0.059],[-0.62,-0.109],[0.624,-0.02],[0.528,-0.291],[0,0]],"o":[[0.576,-0.259],[0.649,0.033],[-0.613,-0.053],[-0.607,-0.005],[0,0],[0,0]],"v":[[-1.822,0.072],[0.036,-0.334],[1.822,0.236],[0.028,-0.181],[-1.682,0.344],[-1.822,0.072]],"c":true},"ix":2},"nm":"Path 1","mn":"ADBE Vector Shape - Group","hd":false},{"ty":"fl","c":{"a":0,"k":[0.160784319043,0.180392161012,0.098039217293,1],"ix":4},"o":{"a":0,"k":100,"ix":5},"r":1,"bm":0,"nm":"Fill 1","mn":"ADBE Vector Graphic - Fill","hd":false},{"ty":"tr","p":{"a":0,"k":[1323.742,499.219],"ix":2},"a":{"a":0,"k":[0,0],"ix":1},"s":{"a":0,"k":[100,100],"ix":3},"r":{"a":0,"k":0,"ix":6},"o":{"a":0,"k":100,"ix":7},"sk":{"a":0,"k":0,"ix":4},"sa":{"a":0,"k":0,"ix":5},"nm":"Transform"}],"nm":"Group 8","np":2,"cix":2,"bm":0,"ix":8,"mn":"ADBE Vector Group","hd":false},{"ty":"gr","it":[{"ind":0,"ty":"sh","ix":1,"ks":{"a":0,"k":{"i":[[0,0],[-2.944,1.807],[-0.347,0.357],[0.404,-0.285],[1.717,-1.747],[0.387,-0.858],[0,0]],"o":[[1.771,-3.129],[0.417,-0.264],[-0.329,0.375],[-2.033,1.358],[-0.679,0.695],[0,0],[0,0]],"v":[[-4.656,3.573],[3.453,-2.973],[4.656,-3.837],[3.494,-2.908],[-2.422,1.518],[-4.104,3.837],[-4.656,3.573]],"c":true},"ix":2},"nm":"Path 1","mn":"ADBE Vector Shape - Group","hd":false},{"ty":"fl","c":{"a":0,"k":[0.160784319043,0.180392161012,0.098039217293,1],"ix":4},"o":{"a":0,"k":100,"ix":5},"r":1,"bm":0,"nm":"Fill 1","mn":"ADBE Vector Graphic - Fill","hd":false},{"ty":"tr","p":{"a":0,"k":[1324.46,498.25],"ix":2},"a":{"a":0,"k":[0,0],"ix":1},"s":{"a":0,"k":[100,100],"ix":3},"r":{"a":0,"k":0,"ix":6},"o":{"a":0,"k":100,"ix":7},"sk":{"a":0,"k":0,"ix":4},"sa":{"a":0,"k":0,"ix":5},"nm":"Transform"}],"nm":"Group 9","np":2,"cix":2,"bm":0,"ix":9,"mn":"ADBE Vector Group","hd":false},{"ty":"gr","it":[{"ind":0,"ty":"sh","ix":1,"ks":{"a":0,"k":{"i":[[0,0],[0.946,1.117],[0.559,0.492],[0.372,0.64],[-0.591,-0.437],[-0.464,-1.488],[-0.143,-0.741],[0,0]],"o":[[-0.157,-1.418],[-0.456,-0.556],[-0.568,-0.484],[0.416,0.614],[1.236,0.819],[0.28,0.713],[0,0],[0,0]],"v":[[1.912,3.598],[0.543,-0.423],[-1.087,-1.897],[-2.518,-3.598],[-0.99,-2.015],[1.954,1.319],[2.518,3.518],[1.912,3.598]],"c":true},"ix":2},"nm":"Path 1","mn":"ADBE Vector Shape - Group","hd":false},{"ty":"fl","c":{"a":0,"k":[0.160784319043,0.180392161012,0.098039217293,1],"ix":4},"o":{"a":0,"k":100,"ix":5},"r":1,"bm":0,"nm":"Fill 1","mn":"ADBE Vector Graphic - Fill","hd":false},{"ty":"tr","p":{"a":0,"k":[1317.969,498.252],"ix":2},"a":{"a":0,"k":[0,0],"ix":1},"s":{"a":0,"k":[100,100],"ix":3},"r":{"a":0,"k":0,"ix":6},"o":{"a":0,"k":100,"ix":7},"sk":{"a":0,"k":0,"ix":4},"sa":{"a":0,"k":0,"ix":5},"nm":"Transform"}],"nm":"Group 10","np":2,"cix":2,"bm":0,"ix":10,"mn":"ADBE Vector Group","hd":false},{"ty":"gr","it":[{"ind":0,"ty":"sh","ix":1,"ks":{"a":0,"k":{"i":[[0,0],[-1.506,7.372],[-2.442,6.457],[0.642,-3.381],[11.081,-7.713],[0,0]],"o":[[6.322,-4.029],[1.384,-6.726],[-1.024,3.295],[-2.186,11.935],[0,0],[0,0]],"v":[[-8.096,17.301],[2.993,1.225],[8.096,-18.818],[5.572,-8.803],[-7.065,18.818],[-8.096,17.301]],"c":true},"ix":2},"nm":"Path 1","mn":"ADBE Vector Shape - Group","hd":false},{"ty":"fl","c":{"a":0,"k":[0.160784319043,0.180392161012,0.098039217293,1],"ix":4},"o":{"a":0,"k":100,"ix":5},"r":1,"bm":0,"nm":"Fill 1","mn":"ADBE Vector Graphic - Fill","hd":false},{"ty":"tr","p":{"a":0,"k":[1316.384,502.346],"ix":2},"a":{"a":0,"k":[0,0],"ix":1},"s":{"a":0,"k":[100,100],"ix":3},"r":{"a":0,"k":0,"ix":6},"o":{"a":0,"k":100,"ix":7},"sk":{"a":0,"k":0,"ix":4},"sa":{"a":0,"k":0,"ix":5},"nm":"Transform"}],"nm":"Group 11","np":2,"cix":2,"bm":0,"ix":11,"mn":"ADBE Vector Group","hd":false},{"ty":"gr","it":[{"ind":0,"ty":"sh","ix":1,"ks":{"a":0,"k":{"i":[[-3.386,-3.803],[0.862,-3.32],[-3.434,3.511],[-3.758,-1.139],[0.467,2.345],[-2.02,3.854],[2.408,-1.077],[2.772,7.416],[2.358,-7.131],[4.706,1.355]],"o":[[-1.472,1.244],[4.506,0.622],[3.192,3.817],[0.592,-1.836],[3.984,-2.51],[-4.203,-1.079],[0.644,-5.586],[-4.912,4.677],[-1.234,-1.502],[0.88,4.482]],"v":[[-11.39,8.196],[-14.696,15.709],[-2.954,11.794],[8.063,17.911],[8.009,11.523],[17.37,2.219],[7.326,2.198],[3.004,-17.911],[-7.785,-0.089],[-17.37,-4.345]],"c":true},"ix":2},"nm":"Path 1","mn":"ADBE Vector Shape - Group","hd":false},{"ty":"fl","c":{"a":0,"k":[0.603921592236,0.717647075653,0.29411765933,1],"ix":4},"o":{"a":0,"k":100,"ix":5},"r":1,"bm":0,"nm":"Fill 1","mn":"ADBE Vector Graphic - Fill","hd":false},{"ty":"tr","p":{"a":0,"k":[1322.961,490.439],"ix":2},"a":{"a":0,"k":[0,0],"ix":1},"s":{"a":0,"k":[100,100],"ix":3},"r":{"a":0,"k":0,"ix":6},"o":{"a":0,"k":100,"ix":7},"sk":{"a":0,"k":0,"ix":4},"sa":{"a":0,"k":0,"ix":5},"nm":"Transform"}],"nm":"Group 12","np":2,"cix":2,"bm":0,"ix":12,"mn":"ADBE Vector Group","hd":false}],"ip":0,"op":241,"st":0,"ct":1,"bm":0},{"ddd":0,"ind":6,"ty":4,"nm":"leaf02","parent":1,"sr":1,"ks":{"o":{"a":0,"k":100,"ix":11,"x":"var $bm_rt;\n$bm_rt = hasParent ? $bm_mul($bm_div(parent.opacity, 100), value) : value;"},"r":{"a":0,"k":0,"ix":10},"p":{"a":1,"k":[{"i":{"x":0.833,"y":0.833},"o":{"x":0.76,"y":0},"t":4.235,"s":[-870,344,0],"to":[0,0,0],"ti":[-172,146,0]},{"i":{"x":0.609,"y":0.556},"o":{"x":0.167,"y":0.167},"t":30.824,"s":[222,166,0],"to":[218.056,-185.094,0],"ti":[56,-244,0]},{"i":{"x":0.533,"y":0.708},"o":{"x":0.233,"y":0.335},"t":37.762,"s":[-120,104,0],"to":[-56,244,0],"ti":[-237.998,174.532,0]},{"i":{"x":0.547,"y":1},"o":{"x":0.231,"y":0.583},"t":48.892,"s":[500,234,0],"to":[150,-110,0],"ti":[-66,-4,0]},{"t":72,"s":[866,82,0]}],"ix":2,"l":2},"a":{"a":0,"k":[1347.847,512.718,0],"ix":1,"l":2},"s":{"a":0,"k":[100,100,100],"ix":6,"l":2}},"ao":1,"shapes":[{"ty":"gr","it":[{"ind":0,"ty":"sh","ix":1,"ks":{"a":0,"k":{"i":[[0,0],[1.637,-1.656],[-0.987,2.041],[0,0]],"o":[[-1.149,2.168],[1.431,-1.683],[0,0],[0,0]],"v":[[2.804,-1.914],[-2.804,2.066],[2.372,-2.066],[2.804,-1.914]],"c":true},"ix":2},"nm":"Path 1","mn":"ADBE Vector Shape - Group","hd":false},{"ty":"fl","c":{"a":0,"k":[0.1254902035,0.141176477075,0.074509806931,1],"ix":4},"o":{"a":0,"k":100,"ix":5},"r":1,"bm":0,"nm":"Fill 1","mn":"ADBE Vector Graphic - Fill","hd":false},{"ty":"tr","p":{"a":0,"k":[1346.336,514.828],"ix":2},"a":{"a":0,"k":[0,0],"ix":1},"s":{"a":0,"k":[100,100],"ix":3},"r":{"a":0,"k":0,"ix":6},"o":{"a":0,"k":100,"ix":7},"sk":{"a":0,"k":0,"ix":4},"sa":{"a":0,"k":0,"ix":5},"nm":"Transform"}],"nm":"Group 1","np":2,"cix":2,"bm":0,"ix":1,"mn":"ADBE Vector Group","hd":false},{"ty":"gr","it":[{"ind":0,"ty":"sh","ix":1,"ks":{"a":0,"k":{"i":[[0,0],[-0.163,2.23],[-0.342,-1.1],[0.449,-1.2],[0,0]],"o":[[0.74,-2.171],[0.037,1.162],[0.331,1.132],[0,0],[0,0]],"v":[[0.071,3.238],[-0.659,-3.434],[0.134,-0.082],[0.485,3.434],[0.071,3.238]],"c":true},"ix":2},"nm":"Path 1","mn":"ADBE Vector Shape - Group","hd":false},{"ty":"fl","c":{"a":0,"k":[0.1254902035,0.141176477075,0.074509806931,1],"ix":4},"o":{"a":0,"k":100,"ix":5},"r":1,"bm":0,"nm":"Fill 1","mn":"ADBE Vector Graphic - Fill","hd":false},{"ty":"tr","p":{"a":0,"k":[1348.859,509.287],"ix":2},"a":{"a":0,"k":[0,0],"ix":1},"s":{"a":0,"k":[100,100],"ix":3},"r":{"a":0,"k":0,"ix":6},"o":{"a":0,"k":100,"ix":7},"sk":{"a":0,"k":0,"ix":4},"sa":{"a":0,"k":0,"ix":5},"nm":"Transform"}],"nm":"Group 2","np":2,"cix":2,"bm":0,"ix":2,"mn":"ADBE Vector Group","hd":false},{"ty":"gr","it":[{"ind":0,"ty":"sh","ix":1,"ks":{"a":0,"k":{"i":[[0,0],[-1.376,0.222],[1.248,-0.431],[0,0]],"o":[[1.355,-0.386],[-1.29,0.313],[0,0],[0,0]],"v":[[-2.053,-0.068],[2.053,-0.125],[-1.925,0.209],[-2.053,-0.068]],"c":true},"ix":2},"nm":"Path 1","mn":"ADBE Vector Shape - Group","hd":false},{"ty":"fl","c":{"a":0,"k":[0.1254902035,0.141176477075,0.074509806931,1],"ix":4},"o":{"a":0,"k":100,"ix":5},"r":1,"bm":0,"nm":"Fill 1","mn":"ADBE Vector Graphic - Fill","hd":false},{"ty":"tr","p":{"a":0,"k":[1356.412,510.519],"ix":2},"a":{"a":0,"k":[0,0],"ix":1},"s":{"a":0,"k":[100,100],"ix":3},"r":{"a":0,"k":0,"ix":6},"o":{"a":0,"k":100,"ix":7},"sk":{"a":0,"k":0,"ix":4},"sa":{"a":0,"k":0,"ix":5},"nm":"Transform"}],"nm":"Group 3","np":2,"cix":2,"bm":0,"ix":3,"mn":"ADBE Vector Group","hd":false},{"ty":"gr","it":[{"ind":0,"ty":"sh","ix":1,"ks":{"a":0,"k":{"i":[[0,0],[-0.738,-0.695],[0.407,0.339],[0.297,0.497],[0,0]],"o":[[0.496,0.886],[-0.428,-0.309],[-0.415,-0.367],[0,0],[0,0]],"v":[[-0.91,-1.136],[1.189,1.136],[-0.063,0.165],[-1.189,-1.011],[-0.91,-1.136]],"c":true},"ix":2},"nm":"Path 1","mn":"ADBE Vector Shape - Group","hd":false},{"ty":"fl","c":{"a":0,"k":[0.1254902035,0.141176477075,0.074509806931,1],"ix":4},"o":{"a":0,"k":100,"ix":5},"r":1,"bm":0,"nm":"Fill 1","mn":"ADBE Vector Graphic - Fill","hd":false},{"ty":"tr","p":{"a":0,"k":[1352.07,516.572],"ix":2},"a":{"a":0,"k":[0,0],"ix":1},"s":{"a":0,"k":[100,100],"ix":3},"r":{"a":0,"k":0,"ix":6},"o":{"a":0,"k":100,"ix":7},"sk":{"a":0,"k":0,"ix":4},"sa":{"a":0,"k":0,"ix":5},"nm":"Transform"}],"nm":"Group 4","np":2,"cix":2,"bm":0,"ix":4,"mn":"ADBE Vector Group","hd":false},{"ty":"gr","it":[{"ind":0,"ty":"sh","ix":1,"ks":{"a":0,"k":{"i":[[0,0],[0.23,-0.607],[0.271,-0.568],[-0.148,0.606],[0.139,0.587],[0,0]],"o":[[0.095,0.625],[-0.206,0.616],[0.216,-0.577],[0.168,-0.583],[0,0],[0,0]],"v":[[0.532,-1.733],[0.425,0.166],[-0.602,1.733],[0.28,0.117],[0.233,-1.672],[0.532,-1.733]],"c":true},"ix":2},"nm":"Path 1","mn":"ADBE Vector Shape - Group","hd":false},{"ty":"fl","c":{"a":0,"k":[0.1254902035,0.141176477075,0.074509806931,1],"ix":4},"o":{"a":0,"k":100,"ix":5},"r":1,"bm":0,"nm":"Fill 1","mn":"ADBE Vector Graphic - Fill","hd":false},{"ty":"tr","p":{"a":0,"k":[1350.637,517.201],"ix":2},"a":{"a":0,"k":[0,0],"ix":1},"s":{"a":0,"k":[100,100],"ix":3},"r":{"a":0,"k":0,"ix":6},"o":{"a":0,"k":100,"ix":7},"sk":{"a":0,"k":0,"ix":4},"sa":{"a":0,"k":0,"ix":5},"nm":"Transform"}],"nm":"Group 5","np":2,"cix":2,"bm":0,"ix":5,"mn":"ADBE Vector Group","hd":false},{"ty":"gr","it":[{"ind":0,"ty":"sh","ix":1,"ks":{"a":0,"k":{"i":[[0,0],[-1.067,-0.093],[0.525,-0.022],[0.446,-0.178],[0,0]],"o":[[1.065,-0.248],[-0.527,-0.014],[-0.491,0.033],[0,0],[0,0]],"v":[[-1.602,-0.081],[1.602,-0.034],[0.023,-0.023],[-1.482,0.2],[-1.602,-0.081]],"c":true},"ix":2},"nm":"Path 1","mn":"ADBE Vector Shape - Group","hd":false},{"ty":"fl","c":{"a":0,"k":[0.1254902035,0.141176477075,0.074509806931,1],"ix":4},"o":{"a":0,"k":100,"ix":5},"r":1,"bm":0,"nm":"Fill 1","mn":"ADBE Vector Graphic - Fill","hd":false},{"ty":"tr","p":{"a":0,"k":[1352.766,512.072],"ix":2},"a":{"a":0,"k":[0,0],"ix":1},"s":{"a":0,"k":[100,100],"ix":3},"r":{"a":0,"k":0,"ix":6},"o":{"a":0,"k":100,"ix":7},"sk":{"a":0,"k":0,"ix":4},"sa":{"a":0,"k":0,"ix":5},"nm":"Transform"}],"nm":"Group 6","np":2,"cix":2,"bm":0,"ix":6,"mn":"ADBE Vector Group","hd":false},{"ty":"gr","it":[{"ind":0,"ty":"sh","ix":1,"ks":{"a":0,"k":{"i":[[0,0],[-0.837,0.842],[1.198,-0.653],[0,0]],"o":[[1.172,-0.514],[-0.786,0.96],[0,0],[0,0]],"v":[[-1.127,1.255],[1.127,-1.52],[-0.975,1.52],[-1.127,1.255]],"c":true},"ix":2},"nm":"Path 1","mn":"ADBE Vector Shape - Group","hd":false},{"ty":"fl","c":{"a":0,"k":[0.1254902035,0.141176477075,0.074509806931,1],"ix":4},"o":{"a":0,"k":100,"ix":5},"r":1,"bm":0,"nm":"Fill 1","mn":"ADBE Vector Graphic - Fill","hd":false},{"ty":"tr","p":{"a":0,"k":[1354.806,509.584],"ix":2},"a":{"a":0,"k":[0,0],"ix":1},"s":{"a":0,"k":[100,100],"ix":3},"r":{"a":0,"k":0,"ix":6},"o":{"a":0,"k":100,"ix":7},"sk":{"a":0,"k":0,"ix":4},"sa":{"a":0,"k":0,"ix":5},"nm":"Transform"}],"nm":"Group 7","np":2,"cix":2,"bm":0,"ix":7,"mn":"ADBE Vector Group","hd":false},{"ty":"gr","it":[{"ind":0,"ty":"sh","ix":1,"ks":{"a":0,"k":{"i":[[0,0],[-0.274,0.541],[-0.235,0.569],[0.269,-0.591],[0.495,-0.393],[0,0]],"o":[[0.501,-0.335],[0.304,-0.545],[-0.189,0.601],[-0.245,0.601],[0,0],[0,0]],"v":[[-0.853,1.407],[0.399,0.129],[0.853,-1.656],[0.538,0.192],[-0.676,1.656],[-0.853,1.407]],"c":true},"ix":2},"nm":"Path 1","mn":"ADBE Vector Shape - Group","hd":false},{"ty":"fl","c":{"a":0,"k":[0.1254902035,0.141176477075,0.074509806931,1],"ix":4},"o":{"a":0,"k":100,"ix":5},"r":1,"bm":0,"nm":"Fill 1","mn":"ADBE Vector Graphic - Fill","hd":false},{"ty":"tr","p":{"a":0,"k":[1351.988,510.6],"ix":2},"a":{"a":0,"k":[0,0],"ix":1},"s":{"a":0,"k":[100,100],"ix":3},"r":{"a":0,"k":0,"ix":6},"o":{"a":0,"k":100,"ix":7},"sk":{"a":0,"k":0,"ix":4},"sa":{"a":0,"k":0,"ix":5},"nm":"Transform"}],"nm":"Group 8","np":2,"cix":2,"bm":0,"ix":8,"mn":"ADBE Vector Group","hd":false},{"ty":"gr","it":[{"ind":0,"ty":"sh","ix":1,"ks":{"a":0,"k":{"i":[[0,0],[-2.95,1.575],[-0.485,0.12],[0.426,-0.249],[2.341,-0.856],[1.051,0.001],[0,0]],"o":[[3.452,0.033],[0.439,-0.228],[-0.476,0.144],[-2.103,1.306],[-0.946,0.342],[0,0],[0,0]],"v":[[-5.411,1.821],[4.072,-1.827],[5.43,-2.432],[4.11,-1.761],[-2.433,1.827],[-5.43,2.432],[-5.411,1.821]],"c":true},"ix":2},"nm":"Path 1","mn":"ADBE Vector Shape - Group","hd":false},{"ty":"fl","c":{"a":0,"k":[0.1254902035,0.141176477075,0.074509806931,1],"ix":4},"o":{"a":0,"k":100,"ix":5},"r":1,"bm":0,"nm":"Fill 1","mn":"ADBE Vector Graphic - Fill","hd":false},{"ty":"tr","p":{"a":0,"k":[1353.522,510.54],"ix":2},"a":{"a":0,"k":[0,0],"ix":1},"s":{"a":0,"k":[100,100],"ix":3},"r":{"a":0,"k":0,"ix":6},"o":{"a":0,"k":100,"ix":7},"sk":{"a":0,"k":0,"ix":4},"sa":{"a":0,"k":0,"ix":5},"nm":"Transform"}],"nm":"Group 9","np":2,"cix":2,"bm":0,"ix":9,"mn":"ADBE Vector Group","hd":false},{"ty":"gr","it":[{"ind":0,"ty":"sh","ix":1,"ks":{"a":0,"k":{"i":[[0,0],[-0.487,-1.47],[-0.793,-1.324],[0.168,0.727],[0.284,0.66],[1.187,0.792],[0,0]],"o":[[1.188,0.913],[0.443,1.441],[-0.398,-0.625],[-0.181,-0.723],[-0.557,-1.354],[0,0],[0,0]],"v":[[-1.827,-3.872],[1.051,-0.412],[2.177,3.872],[1.324,1.819],[0.765,-0.306],[-2.177,-3.37],[-1.827,-3.872]],"c":true},"ix":2},"nm":"Path 1","mn":"ADBE Vector Shape - Group","hd":false},{"ty":"fl","c":{"a":0,"k":[0.1254902035,0.141176477075,0.074509806931,1],"ix":4},"o":{"a":0,"k":100,"ix":5},"r":1,"bm":0,"nm":"Fill 1","mn":"ADBE Vector Graphic - Fill","hd":false},{"ty":"tr","p":{"a":0,"k":[1350.28,516.261],"ix":2},"a":{"a":0,"k":[0,0],"ix":1},"s":{"a":0,"k":[100,100],"ix":3},"r":{"a":0,"k":0,"ix":6},"o":{"a":0,"k":100,"ix":7},"sk":{"a":0,"k":0,"ix":4},"sa":{"a":0,"k":0,"ix":5},"nm":"Transform"}],"nm":"Group 10","np":2,"cix":2,"bm":0,"ix":10,"mn":"ADBE Vector Group","hd":false},{"ty":"gr","it":[{"ind":0,"ty":"sh","ix":1,"ks":{"a":0,"k":{"i":[[0,0],[-7.458,-2.474],[-6.848,-1.111],[6.61,1.862],[6.512,-3.767],[0,0]],"o":[[6.986,-3.645],[6.572,2.168],[-6.857,-0.799],[-7.273,-2.05],[0,0],[0,0]],"v":[[-20.197,-0.299],[0.301,-2.026],[20.197,3.537],[0.051,-1.144],[-19.323,1.314],[-20.197,-0.299]],"c":true},"ix":2},"nm":"Path 1","mn":"ADBE Vector Shape - Group","hd":false},{"ty":"fl","c":{"a":0,"k":[0.1254902035,0.141176477075,0.074509806931,1],"ix":4},"o":{"a":0,"k":100,"ix":5},"r":1,"bm":0,"nm":"Fill 1","mn":"ADBE Vector Graphic - Fill","hd":false},{"ty":"tr","p":{"a":0,"k":[1346.291,513.692],"ix":2},"a":{"a":0,"k":[0,0],"ix":1},"s":{"a":0,"k":[100,100],"ix":3},"r":{"a":0,"k":0,"ix":6},"o":{"a":0,"k":100,"ix":7},"sk":{"a":0,"k":0,"ix":4},"sa":{"a":0,"k":0,"ix":5},"nm":"Transform"}],"nm":"Group 11","np":2,"cix":2,"bm":0,"ix":11,"mn":"ADBE Vector Group","hd":false},{"ty":"gr","it":[{"ind":0,"ty":"sh","ix":1,"ks":{"a":0,"k":{"i":[[1.874,4.332],[3.127,0.573],[-4.293,1.514],[-0.511,3.604],[-1.789,-1.309],[-4.029,0.192],[1.847,-1.603],[-7.413,-4.247],[6.915,0.805],[0.7,-4.485]],"o":[[-1.621,0.751],[1.238,-4.031],[-1.961,-4.174],[1.775,0.22],[3.667,-2.368],[-0.736,3.955],[4.947,1.642],[-5.851,2.301],[0.78,1.624],[-3.989,-2.333]],"v":[[-10.022,6.303],[-17.629,6.145],[-9.749,-2.194],[-10.585,-13.844],[-5.236,-11.303],[6.242,-15.535],[2.335,-7.084],[17.629,5.452],[-1.649,6.51],[-1.175,15.535]],"c":true},"ix":2},"nm":"Path 1","mn":"ADBE Vector Shape - Group","hd":false},{"ty":"fl","c":{"a":0,"k":[0.274509817362,0.341176480055,0.101960785687,1],"ix":4},"o":{"a":0,"k":100,"ix":5},"r":1,"bm":0,"nm":"Fill 1","mn":"ADBE Vector Graphic - Fill","hd":false},{"ty":"tr","p":{"a":0,"k":[1357.47,514.343],"ix":2},"a":{"a":0,"k":[0,0],"ix":1},"s":{"a":0,"k":[100,100],"ix":3},"r":{"a":0,"k":0,"ix":6},"o":{"a":0,"k":100,"ix":7},"sk":{"a":0,"k":0,"ix":4},"sa":{"a":0,"k":0,"ix":5},"nm":"Transform"}],"nm":"Group 12","np":2,"cix":2,"bm":0,"ix":12,"mn":"ADBE Vector Group","hd":false}],"ip":3,"op":244,"st":3,"ct":1,"bm":0},{"ddd":0,"ind":7,"ty":4,"nm":"leaf01","parent":1,"sr":1,"ks":{"o":{"a":0,"k":100,"ix":11,"x":"var $bm_rt;\n$bm_rt = hasParent ? $bm_mul($bm_div(parent.opacity, 100), value) : value;"},"r":{"a":0,"k":0,"ix":10},"p":{"a":1,"k":[{"i":{"x":0.833,"y":0.833},"o":{"x":0.76,"y":0},"t":1.412,"s":[-898,372,0],"to":[0,0,0],"ti":[-212,192,0]},{"i":{"x":0.604,"y":0.558},"o":{"x":0.167,"y":0.167},"t":28,"s":[276,164,0],"to":[212,-192,0],"ti":[56,-244,0]},{"i":{"x":0.53,"y":0.714},"o":{"x":0.23,"y":0.339},"t":35.172,"s":[-160,80,0],"to":[-56,244,0],"ti":[-237.998,174.532,0]},{"i":{"x":0.554,"y":1},"o":{"x":0.236,"y":0.588},"t":46.825,"s":[530,260,0],"to":[150,-110,0],"ti":[-66,-4,0]},{"t":69.1767578125,"s":[892,104,0]}],"ix":2,"l":2},"a":{"a":0,"k":[1322.211,502.096,0],"ix":1,"l":2},"s":{"a":0,"k":[100,100,100],"ix":6,"l":2}},"ao":1,"shapes":[{"ty":"gr","it":[{"ind":0,"ty":"sh","ix":1,"ks":{"a":0,"k":{"i":[[0,0],[2.153,-0.498],[-0.927,0.66],[-1.267,-0.073],[0,0]],"o":[[-2.267,-0.061],[1.085,-0.377],[0.96,-0.659],[0,0],[0,0]],"v":[[2.993,-1.119],[-3.056,1.578],[-0.144,-0.18],[3.056,-1.573],[2.993,-1.119]],"c":true},"ix":2},"nm":"Path 1","mn":"ADBE Vector Shape - Group","hd":false},{"ty":"fl","c":{"a":0,"k":[0.160784319043,0.180392161012,0.098039217293,1],"ix":4},"o":{"a":0,"k":100,"ix":5},"r":1,"bm":0,"nm":"Fill 1","mn":"ADBE Vector Graphic - Fill","hd":false},{"ty":"tr","p":{"a":0,"k":[1317.281,502.491],"ix":2},"a":{"a":0,"k":[0,0],"ix":1},"s":{"a":0,"k":[100,100],"ix":3},"r":{"a":0,"k":0,"ix":6},"o":{"a":0,"k":100,"ix":7},"sk":{"a":0,"k":0,"ix":4},"sa":{"a":0,"k":0,"ix":5},"nm":"Transform"}],"nm":"Group 1","np":2,"cix":2,"bm":0,"ix":1,"mn":"ADBE Vector Group","hd":false},{"ty":"gr","it":[{"ind":0,"ty":"sh","ix":1,"ks":{"a":0,"k":{"i":[[0,0],[-2.09,-1.083],[2.267,0.341],[0,0]],"o":[[2.433,0.459],[-2.055,-0.88],[0,0],[0,0]],"v":[[-2.778,-2.086],[2.795,2.086],[-2.795,-1.628],[-2.778,-2.086]],"c":true},"ix":2},"nm":"Path 1","mn":"ADBE Vector Shape - Group","hd":false},{"ty":"fl","c":{"a":0,"k":[0.160784319043,0.180392161012,0.098039217293,1],"ix":4},"o":{"a":0,"k":100,"ix":5},"r":1,"bm":0,"nm":"Fill 1","mn":"ADBE Vector Graphic - Fill","hd":false},{"ty":"tr","p":{"a":0,"k":[1323.381,502.912],"ix":2},"a":{"a":0,"k":[0,0],"ix":1},"s":{"a":0,"k":[100,100],"ix":3},"r":{"a":0,"k":0,"ix":6},"o":{"a":0,"k":100,"ix":7},"sk":{"a":0,"k":0,"ix":4},"sa":{"a":0,"k":0,"ix":5},"nm":"Transform"}],"nm":"Group 2","np":2,"cix":2,"bm":0,"ix":2,"mn":"ADBE Vector Group","hd":false},{"ty":"gr","it":[{"ind":0,"ty":"sh","ix":1,"ks":{"a":0,"k":{"i":[[0,0],[-0.871,1.002],[0.966,-1.026],[0,0]],"o":[[0.957,-0.91],[-0.83,1.121],[0,0],[0,0]],"v":[[-1.063,1.569],[1.063,-1.81],[-0.875,1.81],[-1.063,1.569]],"c":true},"ix":2},"nm":"Path 1","mn":"ADBE Vector Shape - Group","hd":false},{"ty":"fl","c":{"a":0,"k":[0.160784319043,0.180392161012,0.098039217293,1],"ix":4},"o":{"a":0,"k":100,"ix":5},"r":1,"bm":0,"nm":"Fill 1","mn":"ADBE Vector Graphic - Fill","hd":false},{"ty":"tr","p":{"a":0,"k":[1325.798,495.605],"ix":2},"a":{"a":0,"k":[0,0],"ix":1},"s":{"a":0,"k":[100,100],"ix":3},"r":{"a":0,"k":0,"ix":6},"o":{"a":0,"k":100,"ix":7},"sk":{"a":0,"k":0,"ix":4},"sa":{"a":0,"k":0,"ix":5},"nm":"Transform"}],"nm":"Group 3","np":2,"cix":2,"bm":0,"ix":3,"mn":"ADBE Vector Group","hd":false},{"ty":"gr","it":[{"ind":0,"ty":"sh","ix":1,"ks":{"a":0,"k":{"i":[[0,0],[0.197,1.053],[-0.162,-0.499],[-0.291,-0.382],[0,0]],"o":[[-0.525,-0.96],[0.128,0.512],[0.163,0.465],[0,0],[0,0]],"v":[[0.287,1.549],[-0.526,-1.549],[-0.092,-0.031],[0.526,1.359],[0.287,1.549]],"c":true},"ix":2},"nm":"Path 1","mn":"ADBE Vector Shape - Group","hd":false},{"ty":"fl","c":{"a":0,"k":[0.160784319043,0.180392161012,0.098039217293,1],"ix":4},"o":{"a":0,"k":100,"ix":5},"r":1,"bm":0,"nm":"Fill 1","mn":"ADBE Vector Graphic - Fill","hd":false},{"ty":"tr","p":{"a":0,"k":[1318.5,496.607],"ix":2},"a":{"a":0,"k":[0,0],"ix":1},"s":{"a":0,"k":[100,100],"ix":3},"r":{"a":0,"k":0,"ix":6},"o":{"a":0,"k":100,"ix":7},"sk":{"a":0,"k":0,"ix":4},"sa":{"a":0,"k":0,"ix":5},"nm":"Transform"}],"nm":"Group 4","np":2,"cix":2,"bm":0,"ix":4,"mn":"ADBE Vector Group","hd":false},{"ty":"gr","it":[{"ind":0,"ty":"sh","ix":1,"ks":{"a":0,"k":{"i":[[0,0],[0.595,0.119],[0.611,0.073],[-0.642,-0.1],[-0.511,-0.372],[0,0]],"o":[[-0.457,-0.393],[-0.607,-0.147],[0.629,0.021],[0.645,0.075],[0,0],[0,0]],"v":[[1.608,0.517],[0.041,-0.346],[-1.8,-0.306],[0.064,-0.497],[1.8,0.28],[1.608,0.517]],"c":true},"ix":2},"nm":"Path 1","mn":"ADBE Vector Shape - Group","hd":false},{"ty":"fl","c":{"a":0,"k":[0.160784319043,0.180392161012,0.098039217293,1],"ix":4},"o":{"a":0,"k":100,"ix":5},"r":1,"bm":0,"nm":"Fill 1","mn":"ADBE Vector Graphic - Fill","hd":false},{"ty":"tr","p":{"a":0,"k":[1317.203,497.662],"ix":2},"a":{"a":0,"k":[0,0],"ix":1},"s":{"a":0,"k":[100,100],"ix":3},"r":{"a":0,"k":0,"ix":6},"o":{"a":0,"k":100,"ix":7},"sk":{"a":0,"k":0,"ix":4},"sa":{"a":0,"k":0,"ix":5},"nm":"Transform"}],"nm":"Group 5","np":2,"cix":2,"bm":0,"ix":5,"mn":"ADBE Vector Group","hd":false},{"ty":"gr","it":[{"ind":0,"ty":"sh","ix":1,"ks":{"a":0,"k":{"i":[[0,0],[-0.472,0.897],[0.217,-0.483],[0.399,-0.42],[0,0]],"o":[[0.721,-0.716],[-0.183,0.495],[-0.243,0.498],[0,0],[0,0]],"v":[[-0.813,1.198],[0.813,-1.433],[0.213,0.034],[-0.618,1.433],[-0.813,1.198]],"c":true},"ix":2},"nm":"Path 1","mn":"ADBE Vector Shape - Group","hd":false},{"ty":"fl","c":{"a":0,"k":[0.160784319043,0.180392161012,0.098039217293,1],"ix":4},"o":{"a":0,"k":100,"ix":5},"r":1,"bm":0,"nm":"Fill 1","mn":"ADBE Vector Graphic - Fill","hd":false},{"ty":"tr","p":{"a":0,"k":[1322.706,498.111],"ix":2},"a":{"a":0,"k":[0,0],"ix":1},"s":{"a":0,"k":[100,100],"ix":3},"r":{"a":0,"k":0,"ix":6},"o":{"a":0,"k":100,"ix":7},"sk":{"a":0,"k":0,"ix":4},"sa":{"a":0,"k":0,"ix":5},"nm":"Transform"}],"nm":"Group 6","np":2,"cix":2,"bm":0,"ix":6,"mn":"ADBE Vector Group","hd":false},{"ty":"gr","it":[{"ind":0,"ty":"sh","ix":1,"ks":{"a":0,"k":{"i":[[0,0],[-1.215,0.257],[0.994,-0.805],[0,0]],"o":[[1.131,-0.764],[-1.132,0.356],[0,0],[0,0]],"v":[[-1.833,0.106],[1.833,-0.363],[-1.667,0.363],[-1.833,0.106]],"c":true},"ix":2},"nm":"Path 1","mn":"ADBE Vector Shape - Group","hd":false},{"ty":"fl","c":{"a":0,"k":[0.160784319043,0.180392161012,0.098039217293,1],"ix":4},"o":{"a":0,"k":100,"ix":5},"r":1,"bm":0,"nm":"Fill 1","mn":"ADBE Vector Graphic - Fill","hd":false},{"ty":"tr","p":{"a":0,"k":[1325.934,497.478],"ix":2},"a":{"a":0,"k":[0,0],"ix":1},"s":{"a":0,"k":[100,100],"ix":3},"r":{"a":0,"k":0,"ix":6},"o":{"a":0,"k":100,"ix":7},"sk":{"a":0,"k":0,"ix":4},"sa":{"a":0,"k":0,"ix":5},"nm":"Transform"}],"nm":"Group 7","np":2,"cix":2,"bm":0,"ix":7,"mn":"ADBE Vector Group","hd":false},{"ty":"gr","it":[{"ind":0,"ty":"sh","ix":1,"ks":{"a":0,"k":{"i":[[0,0],[-0.646,-0.059],[-0.62,-0.109],[0.624,-0.02],[0.528,-0.291],[0,0]],"o":[[0.576,-0.259],[0.649,0.033],[-0.613,-0.053],[-0.607,-0.005],[0,0],[0,0]],"v":[[-1.822,0.072],[0.036,-0.334],[1.822,0.236],[0.028,-0.181],[-1.682,0.344],[-1.822,0.072]],"c":true},"ix":2},"nm":"Path 1","mn":"ADBE Vector Shape - Group","hd":false},{"ty":"fl","c":{"a":0,"k":[0.160784319043,0.180392161012,0.098039217293,1],"ix":4},"o":{"a":0,"k":100,"ix":5},"r":1,"bm":0,"nm":"Fill 1","mn":"ADBE Vector Graphic - Fill","hd":false},{"ty":"tr","p":{"a":0,"k":[1323.742,499.219],"ix":2},"a":{"a":0,"k":[0,0],"ix":1},"s":{"a":0,"k":[100,100],"ix":3},"r":{"a":0,"k":0,"ix":6},"o":{"a":0,"k":100,"ix":7},"sk":{"a":0,"k":0,"ix":4},"sa":{"a":0,"k":0,"ix":5},"nm":"Transform"}],"nm":"Group 8","np":2,"cix":2,"bm":0,"ix":8,"mn":"ADBE Vector Group","hd":false},{"ty":"gr","it":[{"ind":0,"ty":"sh","ix":1,"ks":{"a":0,"k":{"i":[[0,0],[-2.944,1.807],[-0.347,0.357],[0.404,-0.285],[1.717,-1.747],[0.387,-0.858],[0,0]],"o":[[1.771,-3.129],[0.417,-0.264],[-0.329,0.375],[-2.033,1.358],[-0.679,0.695],[0,0],[0,0]],"v":[[-4.656,3.573],[3.453,-2.973],[4.656,-3.837],[3.494,-2.908],[-2.422,1.518],[-4.104,3.837],[-4.656,3.573]],"c":true},"ix":2},"nm":"Path 1","mn":"ADBE Vector Shape - Group","hd":false},{"ty":"fl","c":{"a":0,"k":[0.160784319043,0.180392161012,0.098039217293,1],"ix":4},"o":{"a":0,"k":100,"ix":5},"r":1,"bm":0,"nm":"Fill 1","mn":"ADBE Vector Graphic - Fill","hd":false},{"ty":"tr","p":{"a":0,"k":[1324.46,498.25],"ix":2},"a":{"a":0,"k":[0,0],"ix":1},"s":{"a":0,"k":[100,100],"ix":3},"r":{"a":0,"k":0,"ix":6},"o":{"a":0,"k":100,"ix":7},"sk":{"a":0,"k":0,"ix":4},"sa":{"a":0,"k":0,"ix":5},"nm":"Transform"}],"nm":"Group 9","np":2,"cix":2,"bm":0,"ix":9,"mn":"ADBE Vector Group","hd":false},{"ty":"gr","it":[{"ind":0,"ty":"sh","ix":1,"ks":{"a":0,"k":{"i":[[0,0],[0.946,1.117],[0.559,0.492],[0.372,0.64],[-0.591,-0.437],[-0.464,-1.488],[-0.143,-0.741],[0,0]],"o":[[-0.157,-1.418],[-0.456,-0.556],[-0.568,-0.484],[0.416,0.614],[1.236,0.819],[0.28,0.713],[0,0],[0,0]],"v":[[1.912,3.598],[0.543,-0.423],[-1.087,-1.897],[-2.518,-3.598],[-0.99,-2.015],[1.954,1.319],[2.518,3.518],[1.912,3.598]],"c":true},"ix":2},"nm":"Path 1","mn":"ADBE Vector Shape - Group","hd":false},{"ty":"fl","c":{"a":0,"k":[0.160784319043,0.180392161012,0.098039217293,1],"ix":4},"o":{"a":0,"k":100,"ix":5},"r":1,"bm":0,"nm":"Fill 1","mn":"ADBE Vector Graphic - Fill","hd":false},{"ty":"tr","p":{"a":0,"k":[1317.969,498.252],"ix":2},"a":{"a":0,"k":[0,0],"ix":1},"s":{"a":0,"k":[100,100],"ix":3},"r":{"a":0,"k":0,"ix":6},"o":{"a":0,"k":100,"ix":7},"sk":{"a":0,"k":0,"ix":4},"sa":{"a":0,"k":0,"ix":5},"nm":"Transform"}],"nm":"Group 10","np":2,"cix":2,"bm":0,"ix":10,"mn":"ADBE Vector Group","hd":false},{"ty":"gr","it":[{"ind":0,"ty":"sh","ix":1,"ks":{"a":0,"k":{"i":[[0,0],[-1.506,7.372],[-2.442,6.457],[0.642,-3.381],[11.081,-7.713],[0,0]],"o":[[6.322,-4.029],[1.384,-6.726],[-1.024,3.295],[-2.186,11.935],[0,0],[0,0]],"v":[[-8.096,17.301],[2.993,1.225],[8.096,-18.818],[5.572,-8.803],[-7.065,18.818],[-8.096,17.301]],"c":true},"ix":2},"nm":"Path 1","mn":"ADBE Vector Shape - Group","hd":false},{"ty":"fl","c":{"a":0,"k":[0.160784319043,0.180392161012,0.098039217293,1],"ix":4},"o":{"a":0,"k":100,"ix":5},"r":1,"bm":0,"nm":"Fill 1","mn":"ADBE Vector Graphic - Fill","hd":false},{"ty":"tr","p":{"a":0,"k":[1316.384,502.346],"ix":2},"a":{"a":0,"k":[0,0],"ix":1},"s":{"a":0,"k":[100,100],"ix":3},"r":{"a":0,"k":0,"ix":6},"o":{"a":0,"k":100,"ix":7},"sk":{"a":0,"k":0,"ix":4},"sa":{"a":0,"k":0,"ix":5},"nm":"Transform"}],"nm":"Group 11","np":2,"cix":2,"bm":0,"ix":11,"mn":"ADBE Vector Group","hd":false},{"ty":"gr","it":[{"ind":0,"ty":"sh","ix":1,"ks":{"a":0,"k":{"i":[[-3.386,-3.803],[0.862,-3.32],[-3.434,3.511],[-3.758,-1.139],[0.467,2.345],[-2.02,3.854],[2.408,-1.077],[2.772,7.416],[2.358,-7.131],[4.706,1.355]],"o":[[-1.472,1.244],[4.506,0.622],[3.192,3.817],[0.592,-1.836],[3.984,-2.51],[-4.203,-1.079],[0.644,-5.586],[-4.912,4.677],[-1.234,-1.502],[0.88,4.482]],"v":[[-11.39,8.196],[-14.696,15.709],[-2.954,11.794],[8.063,17.911],[8.009,11.523],[17.37,2.219],[7.326,2.198],[3.004,-17.911],[-7.785,-0.089],[-17.37,-4.345]],"c":true},"ix":2},"nm":"Path 1","mn":"ADBE Vector Shape - Group","hd":false},{"ty":"fl","c":{"a":0,"k":[0.603921592236,0.717647075653,0.29411765933,1],"ix":4},"o":{"a":0,"k":100,"ix":5},"r":1,"bm":0,"nm":"Fill 1","mn":"ADBE Vector Graphic - Fill","hd":false},{"ty":"tr","p":{"a":0,"k":[1322.961,490.439],"ix":2},"a":{"a":0,"k":[0,0],"ix":1},"s":{"a":0,"k":[100,100],"ix":3},"r":{"a":0,"k":0,"ix":6},"o":{"a":0,"k":100,"ix":7},"sk":{"a":0,"k":0,"ix":4},"sa":{"a":0,"k":0,"ix":5},"nm":"Transform"}],"nm":"Group 12","np":2,"cix":2,"bm":0,"ix":12,"mn":"ADBE Vector Group","hd":false}],"ip":1,"op":242,"st":1,"ct":1,"bm":0},{"ddd":0,"ind":8,"ty":4,"nm":"wind stroke03","parent":1,"sr":1,"ks":{"o":{"a":0,"k":48,"ix":11,"x":"var $bm_rt;\n$bm_rt = hasParent ? $bm_mul($bm_div(parent.opacity, 100), value) : value;"},"r":{"a":0,"k":0,"ix":10},"p":{"a":0,"k":[87,160.333,0],"ix":2,"l":2},"a":{"a":0,"k":[87,160.333,0],"ix":1,"l":2},"s":{"a":0,"k":[100,100,100],"ix":6,"l":2}},"ao":0,"shapes":[{"ty":"gr","it":[{"ind":0,"ty":"sh","ix":1,"ks":{"a":0,"k":{"i":[[0,0],[-172,146],[56,-244],[-237.998,174.532],[-66,-4]],"o":[[0,0],[218.056,-185.094],[-56,244],[150,-110],[66,4]],"v":[[-862,400],[250,214],[-188,114],[538,304],[864,144]],"c":false},"ix":2},"nm":"Path 1","mn":"ADBE Vector Shape - Group","hd":false},{"ty":"st","c":{"a":0,"k":[0.926013063917,0.940019974054,0.992156862745,1],"ix":3},"o":{"a":0,"k":100,"ix":4},"w":{"a":0,"k":12,"ix":5},"lc":1,"lj":1,"ml":4,"bm":0,"nm":"Stroke 1","mn":"ADBE Vector Graphic - Stroke","hd":false},{"ty":"tr","p":{"a":0,"k":[0,0],"ix":2},"a":{"a":0,"k":[0,0],"ix":1},"s":{"a":0,"k":[100,100],"ix":3},"r":{"a":0,"k":0,"ix":6},"o":{"a":0,"k":100,"ix":7},"sk":{"a":0,"k":0,"ix":4},"sa":{"a":0,"k":0,"ix":5},"nm":"Transform"}],"nm":"Shape 1","np":3,"cix":2,"bm":0,"ix":1,"mn":"ADBE Vector Group","hd":false},{"ty":"tm","s":{"a":1,"k":[{"i":{"x":[0.24],"y":[1]},"o":{"x":[0.76],"y":[0]},"t":5,"s":[0]},{"t":72,"s":[100]}],"ix":1},"e":{"a":1,"k":[{"i":{"x":[0.833],"y":[0.833]},"o":{"x":[0.76],"y":[0]},"t":0,"s":[0]},{"t":27,"s":[100]}],"ix":2},"o":{"a":0,"k":0,"ix":3},"m":1,"ix":2,"nm":"Trim Paths 1","mn":"ADBE Vector Filter - Trim","hd":false}],"ip":0,"op":241,"st":0,"ct":1,"bm":0},{"ddd":0,"ind":9,"ty":4,"nm":"wind stroke02","parent":1,"sr":1,"ks":{"o":{"a":0,"k":33,"ix":11,"x":"var $bm_rt;\n$bm_rt = hasParent ? $bm_mul($bm_div(parent.opacity, 100), value) : value;"},"r":{"a":0,"k":0,"ix":10},"p":{"a":0,"k":[87,160.333,0],"ix":2,"l":2},"a":{"a":0,"k":[87,160.333,0],"ix":1,"l":2},"s":{"a":0,"k":[100,100,100],"ix":6,"l":2}},"ao":0,"shapes":[{"ty":"gr","it":[{"ind":0,"ty":"sh","ix":1,"ks":{"a":0,"k":{"i":[[0,0],[-172,146],[56,-244],[-237.998,174.532],[-66,-4]],"o":[[0,0],[218.056,-185.094],[-56,244],[150,-110],[66,4]],"v":[[-870,344],[222,166],[-120,104],[500,234],[866,82]],"c":false},"ix":2},"nm":"Path 1","mn":"ADBE Vector Shape - Group","hd":false},{"ty":"st","c":{"a":0,"k":[0.926013063917,0.940019974054,0.992156862745,1],"ix":3},"o":{"a":0,"k":100,"ix":4},"w":{"a":0,"k":12,"ix":5},"lc":1,"lj":1,"ml":4,"bm":0,"nm":"Stroke 1","mn":"ADBE Vector Graphic - Stroke","hd":false},{"ty":"tr","p":{"a":0,"k":[0,0],"ix":2},"a":{"a":0,"k":[0,0],"ix":1},"s":{"a":0,"k":[100,100],"ix":3},"r":{"a":0,"k":0,"ix":6},"o":{"a":0,"k":100,"ix":7},"sk":{"a":0,"k":0,"ix":4},"sa":{"a":0,"k":0,"ix":5},"nm":"Transform"}],"nm":"Shape 1","np":3,"cix":2,"bm":0,"ix":1,"mn":"ADBE Vector Group","hd":false},{"ty":"tm","s":{"a":1,"k":[{"i":{"x":[0.24],"y":[1]},"o":{"x":[0.76],"y":[0]},"t":5,"s":[0]},{"t":72,"s":[100]}],"ix":1},"e":{"a":1,"k":[{"i":{"x":[0.833],"y":[0.833]},"o":{"x":[0.76],"y":[0]},"t":0,"s":[0]},{"t":27,"s":[100]}],"ix":2},"o":{"a":0,"k":0,"ix":3},"m":1,"ix":2,"nm":"Trim Paths 1","mn":"ADBE Vector Filter - Trim","hd":false}],"ip":0,"op":241,"st":0,"ct":1,"bm":0},{"ddd":0,"ind":10,"ty":4,"nm":"wind stroke01","parent":1,"sr":1,"ks":{"o":{"a":0,"k":29,"ix":11,"x":"var $bm_rt;\n$bm_rt = hasParent ? $bm_mul($bm_div(parent.opacity, 100), value) : value;"},"r":{"a":0,"k":0,"ix":10},"p":{"a":0,"k":[87,160.333,0],"ix":2,"l":2},"a":{"a":0,"k":[87,160.333,0],"ix":1,"l":2},"s":{"a":0,"k":[100,100,100],"ix":6,"l":2}},"ao":0,"shapes":[{"ty":"gr","it":[{"ind":0,"ty":"sh","ix":1,"ks":{"a":0,"k":{"i":[[0,0],[-212,192],[56,-244],[-237.998,174.532],[-66,-4]],"o":[[0,0],[212,-192],[-56,244],[150,-110],[66,4]],"v":[[-898,372],[276,164],[-160,80],[530,260],[892,104]],"c":false},"ix":2},"nm":"Path 1","mn":"ADBE Vector Shape - Group","hd":false},{"ty":"st","c":{"a":0,"k":[0.926013063917,0.940019974054,0.992156862745,1],"ix":3},"o":{"a":0,"k":100,"ix":4},"w":{"a":0,"k":12,"ix":5},"lc":1,"lj":1,"ml":4,"bm":0,"nm":"Stroke 1","mn":"ADBE Vector Graphic - Stroke","hd":false},{"ty":"tr","p":{"a":0,"k":[0,0],"ix":2},"a":{"a":0,"k":[0,0],"ix":1},"s":{"a":0,"k":[100,100],"ix":3},"r":{"a":0,"k":0,"ix":6},"o":{"a":0,"k":100,"ix":7},"sk":{"a":0,"k":0,"ix":4},"sa":{"a":0,"k":0,"ix":5},"nm":"Transform"}],"nm":"Shape 1","np":3,"cix":2,"bm":0,"ix":1,"mn":"ADBE Vector Group","hd":false},{"ty":"tm","s":{"a":1,"k":[{"i":{"x":[0.24],"y":[1]},"o":{"x":[0.76],"y":[0]},"t":5,"s":[0]},{"t":72,"s":[100]}],"ix":1},"e":{"a":1,"k":[{"i":{"x":[0.833],"y":[0.833]},"o":{"x":[0.76],"y":[0]},"t":0,"s":[0]},{"t":27,"s":[100]}],"ix":2},"o":{"a":0,"k":0,"ix":3},"m":1,"ix":2,"nm":"Trim Paths 1","mn":"ADBE Vector Filter - Trim","hd":false}],"ip":0,"op":241,"st":0,"ct":1,"bm":0}],"markers":[]}